cod_id;cases;date
110001;1;2016
110002;2;2016
110003;0;2016
110004;0;2016
110005;0;2016
110006;0;2016
110007;0;2016
110008;0;2016
110009;0;2016
110010;0;2016
110011;0;2016
110012;2;2016
110013;1;2016
110014;0;2016
110015;1;2016
110018;0;2016
110020;13;2016
110025;2;2016
110026;0;2016
110028;0;2016
110029;0;2016
110030;1;2016
110032;0;2016
110033;0;2016
110034;0;2016
110037;0;2016
110040;0;2016
110045;0;2016
110050;0;2016
110060;0;2016
110070;0;2016
110080;2;2016
110090;0;2016
110092;0;2016
110094;0;2016
110100;0;2016
110110;1;2016
110120;1;2016
110130;0;2016
110140;0;2016
110143;0;2016
110145;0;2016
110146;0;2016
110147;0;2016
110148;0;2016
110149;0;2016
110150;0;2016
110155;0;2016
110160;0;2016
110170;0;2016
110175;0;2016
110180;0;2016
120001;0;2016
120005;0;2016
120010;0;2016
120013;0;2016
120017;1;2016
120020;1;2016
120025;2;2016
120030;0;2016
120032;0;2016
120033;0;2016
120034;0;2016
120035;0;2016
120038;0;2016
120039;0;2016
120040;30;2016
120042;0;2016
120043;0;2016
120045;0;2016
120050;1;2016
120060;1;2016
120070;0;2016
120080;1;2016
130002;0;2016
130006;0;2016
130008;0;2016
130010;0;2016
130014;0;2016
130020;0;2016
130030;0;2016
130040;0;2016
130050;0;2016
130060;0;2016
130063;0;2016
130068;0;2016
130070;2;2016
130080;0;2016
130083;0;2016
130090;0;2016
130100;0;2016
130110;0;2016
130115;0;2016
130120;0;2016
130130;0;2016
130140;1;2016
130150;1;2016
130160;0;2016
130165;0;2016
130170;0;2016
130180;0;2016
130185;0;2016
130190;0;2016
130195;0;2016
130200;0;2016
130210;0;2016
130220;0;2016
130230;0;2016
130240;0;2016
130250;0;2016
130255;0;2016
130260;11;2016
130270;0;2016
130280;0;2016
130290;0;2016
130300;1;2016
130310;0;2016
130320;0;2016
130330;0;2016
130340;0;2016
130350;0;2016
130353;0;2016
130356;0;2016
130360;0;2016
130370;0;2016
130380;2;2016
130390;0;2016
130395;0;2016
130400;0;2016
130406;0;2016
130410;0;2016
130420;0;2016
130423;0;2016
130426;0;2016
130430;0;2016
130440;0;2016
140002;0;2016
140005;0;2016
140010;10;2016
140015;0;2016
140017;0;2016
140020;1;2016
140023;0;2016
140028;1;2016
140030;0;2016
140040;0;2016
140045;1;2016
140047;2;2016
140050;0;2016
140060;0;2016
140070;0;2016
150010;1;2016
150013;0;2016
150020;0;2016
150030;0;2016
150034;1;2016
150040;0;2016
150050;0;2016
150060;0;2016
150070;0;2016
150080;0;2016
150085;0;2016
150090;0;2016
150095;0;2016
150100;0;2016
150110;0;2016
150120;0;2016
150125;0;2016
150130;1;2016
150140;13;2016
150145;0;2016
150150;1;2016
150157;0;2016
150160;0;2016
150170;0;2016
150172;0;2016
150175;0;2016
150178;1;2016
150180;0;2016
150190;0;2016
150195;0;2016
150200;0;2016
150210;2;2016
150215;0;2016
150220;0;2016
150230;0;2016
150240;3;2016
150250;0;2016
150260;1;2016
150270;3;2016
150275;0;2016
150276;0;2016
150277;0;2016
150280;0;2016
150285;0;2016
150290;0;2016
150293;0;2016
150295;0;2016
150300;0;2016
150304;1;2016
150307;0;2016
150309;0;2016
150310;0;2016
150320;0;2016
150330;0;2016
150340;0;2016
150345;0;2016
150350;0;2016
150360;0;2016
150370;1;2016
150375;0;2016
150380;1;2016
150390;0;2016
150400;0;2016
150405;0;2016
150410;0;2016
150420;1;2016
150430;0;2016
150440;0;2016
150442;1;2016
150445;0;2016
150450;0;2016
150460;0;2016
150470;0;2016
150480;0;2016
150490;0;2016
150495;0;2016
150497;0;2016
150500;0;2016
150503;2;2016
150506;0;2016
150510;0;2016
150520;0;2016
150530;0;2016
150540;0;2016
150543;0;2016
150548;0;2016
150549;1;2016
150550;0;2016
150553;3;2016
150555;0;2016
150560;0;2016
150563;0;2016
150565;0;2016
150570;0;2016
150580;0;2016
150590;0;2016
150600;0;2016
150610;1;2016
150611;0;2016
150613;6;2016
150616;0;2016
150618;1;2016
150619;0;2016
150620;0;2016
150630;0;2016
150635;0;2016
150640;0;2016
150650;1;2016
150655;0;2016
150658;0;2016
150660;0;2016
150670;1;2016
150680;1;2016
150690;0;2016
150700;0;2016
150710;0;2016
150715;0;2016
150720;0;2016
150730;0;2016
150740;0;2016
150745;3;2016
150746;0;2016
150747;0;2016
150750;0;2016
150760;2;2016
150770;0;2016
150775;0;2016
150780;1;2016
150790;0;2016
150795;1;2016
150796;0;2016
150797;0;2016
150800;0;2016
150803;0;2016
150805;0;2016
150808;0;2016
150810;3;2016
150812;0;2016
150815;1;2016
150820;1;2016
150830;0;2016
150835;0;2016
150840;0;2016
160005;0;2016
160010;0;2016
160015;0;2016
160020;0;2016
160021;0;2016
160023;0;2016
160025;0;2016
160027;0;2016
160030;1;2016
160040;0;2016
160050;0;2016
160053;0;2016
160055;0;2016
160060;0;2016
160070;0;2016
160080;0;2016
170025;0;2016
170030;0;2016
170035;1;2016
170040;0;2016
170070;0;2016
170100;1;2016
170105;0;2016
170110;0;2016
170130;0;2016
170190;0;2016
170200;0;2016
170210;8;2016
170215;0;2016
170220;2;2016
170230;1;2016
170240;0;2016
170255;0;2016
170270;0;2016
170290;0;2016
170300;0;2016
170305;0;2016
170307;0;2016
170310;0;2016
170320;0;2016
170330;0;2016
170360;0;2016
170370;0;2016
170380;0;2016
170382;0;2016
170384;0;2016
170386;0;2016
170388;0;2016
170389;0;2016
170390;0;2016
170410;0;2016
170460;0;2016
170510;0;2016
170550;1;2016
170555;0;2016
170560;0;2016
170600;0;2016
170610;0;2016
170625;0;2016
170650;0;2016
170700;0;2016
170710;0;2016
170720;0;2016
170730;0;2016
170740;0;2016
170755;0;2016
170765;0;2016
170770;0;2016
170820;0;2016
170825;0;2016
170830;0;2016
170900;0;2016
170930;0;2016
170950;0;2016
170980;0;2016
171050;0;2016
171070;0;2016
171090;0;2016
171110;0;2016
171150;0;2016
171180;0;2016
171190;0;2016
171195;0;2016
171200;0;2016
171215;0;2016
171240;0;2016
171245;0;2016
171250;0;2016
171270;0;2016
171280;0;2016
171320;1;2016
171330;0;2016
171360;0;2016
171370;0;2016
171380;0;2016
171395;0;2016
171420;0;2016
171430;0;2016
171488;1;2016
171500;0;2016
171510;0;2016
171515;0;2016
171525;0;2016
171550;0;2016
171570;0;2016
171575;0;2016
171610;0;2016
171620;0;2016
171630;0;2016
171650;0;2016
171660;0;2016
171665;0;2016
171670;0;2016
171700;0;2016
171720;0;2016
171750;0;2016
171780;0;2016
171790;0;2016
171800;0;2016
171820;1;2016
171830;0;2016
171840;0;2016
171845;0;2016
171850;0;2016
171855;0;2016
171865;0;2016
171870;0;2016
171875;0;2016
171880;0;2016
171884;0;2016
171886;0;2016
171888;0;2016
171889;0;2016
171890;0;2016
171900;0;2016
172000;0;2016
172010;0;2016
172015;1;2016
172020;0;2016
172025;0;2016
172030;0;2016
172049;0;2016
172065;0;2016
172080;0;2016
172085;0;2016
172090;0;2016
172093;0;2016
172097;0;2016
172100;6;2016
172110;0;2016
172120;0;2016
172125;0;2016
172130;0;2016
172208;0;2016
172210;0;2016
210005;0;2016
210010;0;2016
210015;0;2016
210020;1;2016
210030;0;2016
210040;0;2016
210043;0;2016
210047;0;2016
210050;0;2016
210055;1;2016
210060;1;2016
210070;0;2016
210080;0;2016
210083;0;2016
210087;0;2016
210090;1;2016
210095;0;2016
210100;0;2016
210110;1;2016
210120;1;2016
210125;0;2016
210130;0;2016
210135;0;2016
210140;1;2016
210150;0;2016
210160;1;2016
210170;1;2016
210173;0;2016
210177;0;2016
210180;0;2016
210190;0;2016
210193;0;2016
210197;0;2016
210200;1;2016
210203;3;2016
210207;0;2016
210210;0;2016
210215;0;2016
210220;0;2016
210230;0;2016
210232;1;2016
210235;0;2016
210237;0;2016
210240;0;2016
210250;0;2016
210255;0;2016
210260;0;2016
210270;0;2016
210275;0;2016
210280;0;2016
210290;0;2016
210300;0;2016
210310;0;2016
210312;0;2016
210315;0;2016
210317;0;2016
210320;0;2016
210325;0;2016
210330;3;2016
210340;0;2016
210350;1;2016
210355;0;2016
210360;0;2016
210370;1;2016
210375;0;2016
210380;0;2016
210390;0;2016
210400;0;2016
210405;0;2016
210407;0;2016
210408;0;2016
210409;0;2016
210410;1;2016
210420;0;2016
210430;0;2016
210440;0;2016
210450;0;2016
210455;0;2016
210460;0;2016
210462;0;2016
210465;1;2016
210467;3;2016
210470;0;2016
210480;0;2016
210490;0;2016
210500;0;2016
210510;0;2016
210515;0;2016
210520;0;2016
210530;2;2016
210535;0;2016
210540;1;2016
210542;0;2016
210545;0;2016
210547;0;2016
210550;0;2016
210560;0;2016
210565;0;2016
210570;0;2016
210580;0;2016
210590;0;2016
210592;0;2016
210594;0;2016
210596;0;2016
210598;2;2016
210600;1;2016
210610;0;2016
210620;0;2016
210630;0;2016
210632;2;2016
210635;0;2016
210637;0;2016
210640;2;2016
210650;0;2016
210660;0;2016
210663;0;2016
210667;0;2016
210670;0;2016
210675;0;2016
210680;0;2016
210690;0;2016
210700;0;2016
210710;0;2016
210720;0;2016
210725;1;2016
210730;0;2016
210735;0;2016
210740;0;2016
210745;0;2016
210750;7;2016
210760;0;2016
210770;1;2016
210780;0;2016
210790;0;2016
210800;0;2016
210805;0;2016
210810;0;2016
210820;0;2016
210825;0;2016
210830;0;2016
210840;0;2016
210845;0;2016
210850;0;2016
210860;1;2016
210870;2;2016
210880;0;2016
210890;0;2016
210900;0;2016
210905;0;2016
210910;0;2016
210920;0;2016
210923;0;2016
210927;0;2016
210930;0;2016
210940;0;2016
210945;0;2016
210950;0;2016
210955;1;2016
210960;0;2016
210970;0;2016
210975;0;2016
210980;0;2016
210990;0;2016
211000;1;2016
211003;0;2016
211010;0;2016
211020;0;2016
211023;0;2016
211027;0;2016
211030;0;2016
211040;1;2016
211050;0;2016
211060;0;2016
211065;0;2016
211070;0;2016
211080;0;2016
211085;0;2016
211090;0;2016
211100;0;2016
211102;0;2016
211105;0;2016
211107;0;2016
211110;0;2016
211120;4;2016
211125;0;2016
211130;24;2016
211140;0;2016
211150;0;2016
211153;0;2016
211157;0;2016
211160;0;2016
211163;0;2016
211167;0;2016
211170;0;2016
211172;0;2016
211174;0;2016
211176;0;2016
211178;1;2016
211180;0;2016
211190;0;2016
211195;0;2016
211200;0;2016
211210;0;2016
211220;0;2016
211223;0;2016
211227;0;2016
211230;0;2016
211240;0;2016
211245;0;2016
211250;1;2016
211260;0;2016
211270;0;2016
211280;0;2016
211285;0;2016
211290;0;2016
211300;0;2016
211400;0;2016
220005;0;2016
220010;0;2016
220020;0;2016
220025;0;2016
220027;0;2016
220030;0;2016
220040;1;2016
220045;0;2016
220050;0;2016
220060;0;2016
220070;0;2016
220080;0;2016
220090;0;2016
220095;0;2016
220100;0;2016
220105;0;2016
220110;0;2016
220115;0;2016
220117;0;2016
220120;2;2016
220130;0;2016
220140;0;2016
220150;1;2016
220155;0;2016
220157;0;2016
220160;1;2016
220170;0;2016
220173;1;2016
220177;0;2016
220180;1;2016
220190;1;2016
220191;0;2016
220192;0;2016
220194;0;2016
220196;0;2016
220198;0;2016
220200;0;2016
220202;0;2016
220205;0;2016
220207;0;2016
220208;0;2016
220209;0;2016
220210;0;2016
220211;0;2016
220213;0;2016
220217;0;2016
220220;0;2016
220225;0;2016
220230;0;2016
220240;0;2016
220245;0;2016
220250;0;2016
220253;0;2016
220255;0;2016
220260;0;2016
220265;0;2016
220270;0;2016
220271;0;2016
220272;0;2016
220273;0;2016
220275;0;2016
220277;0;2016
220280;0;2016
220285;0;2016
220290;0;2016
220300;0;2016
220310;0;2016
220320;1;2016
220323;0;2016
220325;0;2016
220327;0;2016
220330;1;2016
220335;0;2016
220340;0;2016
220342;0;2016
220345;0;2016
220350;0;2016
220360;0;2016
220370;2;2016
220375;1;2016
220380;0;2016
220385;0;2016
220390;0;2016
220400;0;2016
220410;0;2016
220415;0;2016
220420;1;2016
220430;0;2016
220435;0;2016
220440;1;2016
220450;0;2016
220455;1;2016
220460;0;2016
220465;0;2016
220470;1;2016
220480;0;2016
220490;0;2016
220500;1;2016
220510;0;2016
220515;0;2016
220520;0;2016
220525;0;2016
220527;0;2016
220530;0;2016
220535;0;2016
220540;1;2016
220545;0;2016
220550;0;2016
220551;0;2016
220552;0;2016
220553;0;2016
220554;1;2016
220555;0;2016
220556;0;2016
220557;0;2016
220558;0;2016
220559;0;2016
220560;0;2016
220570;1;2016
220580;0;2016
220585;0;2016
220590;0;2016
220595;0;2016
220600;0;2016
220605;0;2016
220610;1;2016
220620;0;2016
220630;0;2016
220635;0;2016
220640;0;2016
220650;0;2016
220660;0;2016
220665;0;2016
220667;2;2016
220669;0;2016
220670;0;2016
220672;0;2016
220675;0;2016
220680;0;2016
220690;0;2016
220695;0;2016
220700;1;2016
220710;0;2016
220720;0;2016
220730;0;2016
220735;0;2016
220740;0;2016
220750;0;2016
220755;0;2016
220760;0;2016
220770;1;2016
220775;0;2016
220777;0;2016
220779;0;2016
220780;0;2016
220785;0;2016
220790;0;2016
220793;0;2016
220795;0;2016
220800;3;2016
220810;0;2016
220820;0;2016
220830;0;2016
220840;0;2016
220850;0;2016
220855;0;2016
220860;0;2016
220865;0;2016
220870;0;2016
220880;0;2016
220885;0;2016
220887;0;2016
220890;0;2016
220900;0;2016
220910;0;2016
220915;0;2016
220920;0;2016
220930;0;2016
220935;0;2016
220937;0;2016
220940;0;2016
220945;0;2016
220950;0;2016
220955;0;2016
220960;0;2016
220965;0;2016
220970;0;2016
220975;0;2016
220980;0;2016
220985;1;2016
220987;0;2016
220990;0;2016
220995;0;2016
220997;0;2016
221000;1;2016
221005;0;2016
221010;0;2016
221020;0;2016
221030;0;2016
221035;0;2016
221037;0;2016
221038;0;2016
221039;0;2016
221040;0;2016
221050;0;2016
221060;0;2016
221062;0;2016
221063;0;2016
221065;0;2016
221070;0;2016
221080;0;2016
221090;0;2016
221093;0;2016
221095;0;2016
221097;0;2016
221100;4;2016
221110;1;2016
221120;0;2016
221130;0;2016
221135;1;2016
221140;0;2016
221150;0;2016
221160;0;2016
221170;0;2016
230010;0;2016
230015;1;2016
230020;3;2016
230030;0;2016
230040;0;2016
230050;0;2016
230060;1;2016
230070;0;2016
230075;0;2016
230080;0;2016
230090;1;2016
230100;2;2016
230110;1;2016
230120;1;2016
230125;0;2016
230130;0;2016
230140;0;2016
230150;0;2016
230160;0;2016
230170;0;2016
230180;1;2016
230185;1;2016
230190;2;2016
230195;0;2016
230200;0;2016
230205;0;2016
230210;0;2016
230220;0;2016
230230;1;2016
230240;2;2016
230250;2;2016
230260;1;2016
230270;1;2016
230280;0;2016
230290;2;2016
230300;0;2016
230310;0;2016
230320;0;2016
230330;0;2016
230340;0;2016
230350;0;2016
230360;0;2016
230365;0;2016
230370;5;2016
230380;0;2016
230390;0;2016
230393;0;2016
230395;0;2016
230400;2;2016
230410;1;2016
230420;1;2016
230423;0;2016
230425;0;2016
230426;0;2016
230427;0;2016
230428;0;2016
230430;0;2016
230435;1;2016
230440;37;2016
230445;1;2016
230450;0;2016
230460;1;2016
230465;0;2016
230470;0;2016
230480;0;2016
230490;1;2016
230495;0;2016
230500;0;2016
230510;0;2016
230520;0;2016
230523;1;2016
230526;1;2016
230530;0;2016
230533;0;2016
230535;0;2016
230540;1;2016
230550;1;2016
230560;0;2016
230565;0;2016
230570;0;2016
230580;1;2016
230590;0;2016
230600;0;2016
230610;1;2016
230620;0;2016
230625;1;2016
230630;1;2016
230640;0;2016
230650;0;2016
230655;0;2016
230660;0;2016
230670;0;2016
230680;0;2016
230690;0;2016
230700;0;2016
230710;0;2016
230720;0;2016
230725;0;2016
230730;4;2016
230740;0;2016
230750;0;2016
230760;1;2016
230763;0;2016
230765;3;2016
230770;1;2016
230780;1;2016
230790;0;2016
230800;1;2016
230810;0;2016
230820;0;2016
230830;0;2016
230835;1;2016
230837;0;2016
230840;1;2016
230850;1;2016
230860;0;2016
230870;0;2016
230880;0;2016
230890;0;2016
230900;0;2016
230910;0;2016
230920;0;2016
230930;0;2016
230940;0;2016
230945;0;2016
230950;0;2016
230960;1;2016
230970;0;2016
230980;0;2016
230990;0;2016
231000;0;2016
231010;0;2016
231020;0;2016
231025;0;2016
231030;0;2016
231040;1;2016
231050;0;2016
231060;0;2016
231070;1;2016
231080;0;2016
231085;0;2016
231090;1;2016
231095;0;2016
231100;0;2016
231110;0;2016
231120;0;2016
231123;0;2016
231126;0;2016
231130;2;2016
231135;0;2016
231140;4;2016
231150;1;2016
231160;1;2016
231170;1;2016
231180;1;2016
231190;0;2016
231195;0;2016
231200;0;2016
231210;1;2016
231220;1;2016
231230;0;2016
231240;3;2016
231250;0;2016
231260;1;2016
231270;2;2016
231280;0;2016
231290;1;2016
231300;0;2016
231310;1;2016
231320;1;2016
231325;0;2016
231330;1;2016
231335;0;2016
231340;1;2016
231350;0;2016
231355;1;2016
231360;0;2016
231370;0;2016
231375;0;2016
231380;0;2016
231390;0;2016
231395;0;2016
231400;1;2016
231410;0;2016
240010;0;2016
240020;0;2016
240030;0;2016
240040;0;2016
240050;0;2016
240060;0;2016
240070;0;2016
240080;0;2016
240090;0;2016
240100;0;2016
240110;0;2016
240120;0;2016
240130;0;2016
240140;0;2016
240145;0;2016
240150;0;2016
240160;0;2016
240165;0;2016
240170;0;2016
240180;0;2016
240185;0;2016
240190;0;2016
240200;0;2016
240210;0;2016
240220;0;2016
240230;0;2016
240240;1;2016
240250;0;2016
240260;0;2016
240270;0;2016
240280;0;2016
240290;0;2016
240300;0;2016
240310;0;2016
240320;1;2016
240325;14;2016
240330;0;2016
240340;1;2016
240350;0;2016
240360;2;2016
240370;0;2016
240375;0;2016
240380;0;2016
240390;0;2016
240400;0;2016
240410;0;2016
240420;1;2016
240430;0;2016
240440;0;2016
240450;0;2016
240460;1;2016
240470;0;2016
240480;0;2016
240485;0;2016
240490;0;2016
240500;0;2016
240510;0;2016
240520;0;2016
240530;0;2016
240540;0;2016
240550;0;2016
240560;1;2016
240570;0;2016
240580;0;2016
240590;0;2016
240600;0;2016
240610;0;2016
240615;0;2016
240620;0;2016
240630;0;2016
240640;0;2016
240650;0;2016
240660;0;2016
240670;0;2016
240680;1;2016
240690;0;2016
240700;0;2016
240710;1;2016
240720;0;2016
240725;0;2016
240730;0;2016
240740;0;2016
240750;0;2016
240760;0;2016
240770;1;2016
240780;1;2016
240790;0;2016
240800;0;2016
240810;17;2016
240820;1;2016
240830;0;2016
240840;0;2016
240850;0;2016
240860;0;2016
240870;0;2016
240880;0;2016
240890;0;2016
240895;1;2016
240910;0;2016
240920;0;2016
240930;0;2016
240933;0;2016
240940;0;2016
240950;0;2016
240960;0;2016
240970;0;2016
240980;0;2016
240990;0;2016
241000;0;2016
241010;0;2016
241020;0;2016
241025;0;2016
241030;1;2016
241040;2;2016
241050;0;2016
241060;0;2016
241070;0;2016
241080;0;2016
241090;0;2016
241100;0;2016
241105;0;2016
241110;0;2016
241120;0;2016
241140;0;2016
241142;0;2016
241150;1;2016
241160;0;2016
241170;0;2016
241180;0;2016
241190;0;2016
241200;0;2016
241210;0;2016
241220;0;2016
241230;0;2016
241240;0;2016
241250;1;2016
241255;0;2016
241260;0;2016
241270;1;2016
241280;0;2016
241290;0;2016
241300;0;2016
241310;0;2016
241320;0;2016
241330;0;2016
241335;0;2016
241340;0;2016
241350;0;2016
241355;0;2016
241360;0;2016
241370;0;2016
241380;0;2016
241390;0;2016
241400;1;2016
241410;0;2016
241415;0;2016
241420;0;2016
241430;0;2016
241440;0;2016
241445;0;2016
241450;0;2016
241460;0;2016
241470;0;2016
241475;0;2016
241480;0;2016
241490;0;2016
241500;0;2016
250010;1;2016
250020;0;2016
250030;0;2016
250040;0;2016
250050;0;2016
250053;0;2016
250057;0;2016
250060;0;2016
250070;1;2016
250073;0;2016
250077;0;2016
250080;1;2016
250090;0;2016
250100;0;2016
250110;2;2016
250115;0;2016
250120;0;2016
250130;0;2016
250135;0;2016
250140;0;2016
250150;0;2016
250153;0;2016
250157;0;2016
250160;1;2016
250170;0;2016
250180;1;2016
250190;0;2016
250200;0;2016
250205;0;2016
250210;0;2016
250215;0;2016
250220;0;2016
250230;0;2016
250240;0;2016
250250;1;2016
250260;0;2016
250270;0;2016
250280;0;2016
250290;0;2016
250300;1;2016
250310;0;2016
250320;3;2016
250330;0;2016
250340;0;2016
250350;0;2016
250355;0;2016
250360;0;2016
250370;1;2016
250375;0;2016
250380;0;2016
250390;0;2016
250400;7;2016
250403;0;2016
250407;0;2016
250410;0;2016
250415;0;2016
250420;0;2016
250430;1;2016
250435;1;2016
250440;1;2016
250450;0;2016
250460;0;2016
250470;1;2016
250480;0;2016
250485;0;2016
250490;0;2016
250500;0;2016
250510;0;2016
250520;0;2016
250523;0;2016
250527;0;2016
250530;0;2016
250535;1;2016
250540;0;2016
250550;0;2016
250560;0;2016
250570;0;2016
250580;0;2016
250590;0;2016
250600;1;2016
250610;0;2016
250620;0;2016
250625;0;2016
250630;0;2016
250640;0;2016
250650;0;2016
250660;0;2016
250670;1;2016
250680;2;2016
250690;2;2016
250700;0;2016
250710;2;2016
250720;0;2016
250730;0;2016
250740;0;2016
250750;13;2016
250760;0;2016
250770;2;2016
250780;0;2016
250790;1;2016
250800;0;2016
250810;0;2016
250820;0;2016
250830;2;2016
250840;0;2016
250850;0;2016
250855;0;2016
250860;0;2016
250870;0;2016
250880;0;2016
250890;0;2016
250900;0;2016
250905;0;2016
250910;0;2016
250915;0;2016
250920;0;2016
250930;0;2016
250933;0;2016
250937;0;2016
250939;0;2016
250940;2;2016
250950;0;2016
250960;0;2016
250970;0;2016
250980;0;2016
250990;0;2016
251000;0;2016
251010;0;2016
251020;0;2016
251030;0;2016
251040;0;2016
251050;0;2016
251060;0;2016
251065;0;2016
251070;0;2016
251080;3;2016
251090;0;2016
251100;0;2016
251110;0;2016
251120;0;2016
251130;0;2016
251140;1;2016
251150;1;2016
251160;0;2016
251170;0;2016
251180;0;2016
251190;0;2016
251200;1;2016
251203;0;2016
251207;0;2016
251210;0;2016
251220;0;2016
251230;1;2016
251240;0;2016
251250;1;2016
251260;0;2016
251270;0;2016
251272;0;2016
251274;0;2016
251275;0;2016
251276;0;2016
251278;0;2016
251280;0;2016
251290;0;2016
251300;0;2016
251310;0;2016
251315;0;2016
251320;0;2016
251330;1;2016
251335;1;2016
251340;0;2016
251350;0;2016
251360;1;2016
251365;1;2016
251370;2;2016
251380;0;2016
251385;0;2016
251390;0;2016
251392;0;2016
251394;0;2016
251396;0;2016
251398;0;2016
251400;1;2016
251410;0;2016
251420;0;2016
251430;0;2016
251440;0;2016
251445;0;2016
251450;0;2016
251455;0;2016
251460;0;2016
251465;0;2016
251470;0;2016
251480;0;2016
251490;0;2016
251500;0;2016
251510;0;2016
251520;0;2016
251530;0;2016
251540;1;2016
251550;0;2016
251560;0;2016
251570;0;2016
251580;0;2016
251590;0;2016
251593;1;2016
251597;0;2016
251600;1;2016
251610;0;2016
251615;0;2016
251620;0;2016
251630;0;2016
251640;0;2016
251650;0;2016
251660;0;2016
251670;0;2016
251675;0;2016
251680;0;2016
251690;0;2016
251700;0;2016
251710;0;2016
251720;0;2016
251740;0;2016
260005;2;2016
260010;3;2016
260020;0;2016
260030;1;2016
260040;0;2016
260050;1;2016
260060;0;2016
260070;3;2016
260080;1;2016
260090;0;2016
260100;0;2016
260105;2;2016
260110;4;2016
260120;1;2016
260130;0;2016
260140;0;2016
260150;0;2016
260160;0;2016
260170;1;2016
260180;0;2016
260190;1;2016
260200;1;2016
260210;1;2016
260220;1;2016
260230;1;2016
260240;0;2016
260250;0;2016
260260;1;2016
260270;0;2016
260280;1;2016
260290;2;2016
260300;0;2016
260310;0;2016
260320;1;2016
260330;0;2016
260340;0;2016
260345;2;2016
260350;0;2016
260360;0;2016
260370;0;2016
260380;1;2016
260390;0;2016
260392;0;2016
260400;3;2016
260410;8;2016
260415;0;2016
260420;1;2016
260430;0;2016
260440;1;2016
260450;0;2016
260460;1;2016
260470;0;2016
260480;0;2016
260490;1;2016
260500;2;2016
260510;0;2016
260515;1;2016
260520;2;2016
260530;4;2016
260540;0;2016
260545;0;2016
260550;1;2016
260560;0;2016
260570;4;2016
260580;0;2016
260590;0;2016
260600;6;2016
260610;0;2016
260620;3;2016
260630;0;2016
260640;3;2016
260650;0;2016
260660;0;2016
260670;0;2016
260680;3;2016
260690;0;2016
260700;0;2016
260710;0;2016
260720;3;2016
260730;1;2016
260740;0;2016
260750;0;2016
260760;0;2016
260765;2;2016
260770;0;2016
260775;0;2016
260780;1;2016
260790;22;2016
260795;0;2016
260800;0;2016
260805;0;2016
260810;0;2016
260820;0;2016
260825;0;2016
260830;0;2016
260840;0;2016
260845;0;2016
260850;2;2016
260860;2;2016
260870;0;2016
260875;0;2016
260880;2;2016
260890;0;2016
260900;2;2016
260910;0;2016
260915;0;2016
260920;0;2016
260930;0;2016
260940;4;2016
260950;3;2016
260960;5;2016
260970;0;2016
260980;1;2016
260990;6;2016
261000;0;2016
261010;0;2016
261020;1;2016
261030;0;2016
261040;3;2016
261050;0;2016
261060;3;2016
261070;8;2016
261080;0;2016
261090;3;2016
261100;2;2016
261110;10;2016
261120;0;2016
261130;1;2016
261140;1;2016
261150;0;2016
261153;0;2016
261160;51;2016
261170;1;2016
261180;2;2016
261190;3;2016
261200;0;2016
261210;0;2016
261220;0;2016
261230;0;2016
261240;1;2016
261245;0;2016
261247;1;2016
261250;0;2016
261255;0;2016
261260;3;2016
261270;0;2016
261280;0;2016
261290;0;2016
261300;0;2016
261310;3;2016
261320;0;2016
261330;0;2016
261340;0;2016
261350;1;2016
261360;0;2016
261370;6;2016
261380;1;2016
261390;0;2016
261400;0;2016
261410;2;2016
261420;1;2016
261430;3;2016
261440;0;2016
261450;1;2016
261460;0;2016
261470;0;2016
261480;1;2016
261485;2;2016
261500;0;2016
261510;0;2016
261520;0;2016
261530;2;2016
261540;0;2016
261550;0;2016
261560;4;2016
261570;0;2016
261580;0;2016
261590;0;2016
261600;0;2016
261610;0;2016
261618;0;2016
261620;1;2016
261630;1;2016
261640;4;2016
261650;0;2016
270010;0;2016
270020;2;2016
270030;1;2016
270040;1;2016
270050;2;2016
270060;1;2016
270070;1;2016
270080;0;2016
270090;0;2016
270100;2;2016
270110;0;2016
270120;0;2016
270130;0;2016
270135;0;2016
270140;0;2016
270150;0;2016
270160;1;2016
270170;1;2016
270180;0;2016
270190;0;2016
270200;0;2016
270210;0;2016
270220;0;2016
270230;0;2016
270235;0;2016
270240;0;2016
270250;0;2016
270255;0;2016
270260;0;2016
270270;0;2016
270280;0;2016
270290;0;2016
270300;0;2016
270310;1;2016
270320;0;2016
270330;1;2016
270340;0;2016
270350;0;2016
270360;1;2016
270370;0;2016
270375;0;2016
270380;0;2016
270390;1;2016
270400;0;2016
270410;0;2016
270420;0;2016
270430;21;2016
270440;0;2016
270450;1;2016
270460;0;2016
270470;3;2016
270480;0;2016
270490;0;2016
270500;0;2016
270510;0;2016
270520;2;2016
270530;0;2016
270540;0;2016
270550;0;2016
270560;1;2016
270570;1;2016
270580;1;2016
270590;0;2016
270600;0;2016
270610;0;2016
270620;0;2016
270630;2;2016
270640;0;2016
270642;0;2016
270644;1;2016
270650;0;2016
270660;0;2016
270670;0;2016
270680;0;2016
270690;0;2016
270700;0;2016
270710;0;2016
270720;0;2016
270730;0;2016
270740;0;2016
270750;0;2016
270760;1;2016
270770;3;2016
270780;0;2016
270790;0;2016
270800;1;2016
270810;0;2016
270820;0;2016
270830;1;2016
270840;0;2016
270850;2;2016
270860;0;2016
270870;0;2016
270880;2;2016
270890;0;2016
270895;0;2016
270900;0;2016
270910;0;2016
270915;2;2016
270920;0;2016
270930;2;2016
270940;0;2016
280010;1;2016
280020;0;2016
280030;11;2016
280040;0;2016
280050;0;2016
280060;0;2016
280067;0;2016
280070;0;2016
280100;0;2016
280110;0;2016
280120;0;2016
280130;1;2016
280140;0;2016
280150;0;2016
280160;0;2016
280170;1;2016
280190;0;2016
280200;2;2016
280210;1;2016
280220;0;2016
280230;1;2016
280240;0;2016
280250;0;2016
280260;0;2016
280270;0;2016
280280;1;2016
280290;0;2016
280300;3;2016
280310;0;2016
280320;2;2016
280330;0;2016
280340;0;2016
280350;1;2016
280360;0;2016
280370;0;2016
280380;0;2016
280390;0;2016
280400;0;2016
280410;0;2016
280420;0;2016
280430;1;2016
280440;1;2016
280445;0;2016
280450;3;2016
280460;0;2016
280470;1;2016
280480;8;2016
280490;1;2016
280500;0;2016
280510;1;2016
280520;0;2016
280530;1;2016
280540;2;2016
280550;1;2016
280560;0;2016
280570;1;2016
280580;0;2016
280590;0;2016
280600;0;2016
280610;0;2016
280620;1;2016
280630;0;2016
280640;0;2016
280650;0;2016
280660;0;2016
280670;2;2016
280680;0;2016
280690;0;2016
280700;0;2016
280710;0;2016
280720;0;2016
280730;0;2016
280740;0;2016
280750;0;2016
280760;1;2016
290010;0;2016
290020;0;2016
290030;2;2016
290035;0;2016
290040;0;2016
290050;0;2016
290060;0;2016
290070;36;2016
290080;1;2016
290090;0;2016
290100;0;2016
290110;2;2016
290115;0;2016
290120;0;2016
290130;0;2016
290135;0;2016
290140;0;2016
290150;0;2016
290160;0;2016
290170;0;2016
290180;0;2016
290190;0;2016
290195;0;2016
290200;0;2016
290205;2;2016
290210;1;2016
290220;1;2016
290225;0;2016
290230;0;2016
290240;0;2016
290250;0;2016
290260;0;2016
290265;0;2016
290270;1;2016
290280;0;2016
290290;0;2016
290300;0;2016
290310;0;2016
290320;4;2016
290323;0;2016
290327;1;2016
290330;0;2016
290340;0;2016
290350;0;2016
290360;1;2016
290370;0;2016
290380;0;2016
290390;1;2016
290395;0;2016
290400;0;2016
290405;0;2016
290410;0;2016
290420;0;2016
290430;0;2016
290440;1;2016
290450;2;2016
290460;0;2016
290470;2;2016
290475;0;2016
290480;0;2016
290485;0;2016
290490;1;2016
290500;0;2016
290510;0;2016
290515;2;2016
290520;0;2016
290530;0;2016
290540;0;2016
290550;0;2016
290560;1;2016
290570;6;2016
290580;1;2016
290590;3;2016
290600;2;2016
290610;0;2016
290620;0;2016
290630;2;2016
290640;0;2016
290650;3;2016
290660;0;2016
290670;0;2016
290680;0;2016
290682;1;2016
290685;0;2016
290687;1;2016
290689;0;2016
290690;0;2016
290700;0;2016
290710;0;2016
290720;0;2016
290730;1;2016
290740;0;2016
290750;3;2016
290755;0;2016
290760;0;2016
290770;0;2016
290780;1;2016
290790;0;2016
290800;0;2016
290810;0;2016
290820;1;2016
290830;0;2016
290840;1;2016
290850;0;2016
290860;4;2016
290870;0;2016
290880;0;2016
290890;0;2016
290900;0;2016
290910;0;2016
290920;0;2016
290930;0;2016
290940;1;2016
290950;0;2016
290960;1;2016
290970;0;2016
290980;0;2016
290990;0;2016
291000;0;2016
291005;0;2016
291010;0;2016
291020;0;2016
291030;0;2016
291040;1;2016
291050;1;2016
291060;2;2016
291070;2;2016
291072;2;2016
291075;0;2016
291077;0;2016
291080;5;2016
291085;0;2016
291090;0;2016
291100;0;2016
291110;0;2016
291120;1;2016
291125;0;2016
291130;0;2016
291140;0;2016
291150;0;2016
291160;0;2016
291165;0;2016
291170;1;2016
291180;0;2016
291185;0;2016
291190;0;2016
291200;0;2016
291210;0;2016
291220;0;2016
291230;0;2016
291240;0;2016
291250;0;2016
291260;0;2016
291270;2;2016
291280;1;2016
291290;0;2016
291300;0;2016
291310;0;2016
291320;0;2016
291330;0;2016
291340;0;2016
291345;0;2016
291350;0;2016
291360;1;2016
291370;4;2016
291380;0;2016
291390;0;2016
291400;1;2016
291410;0;2016
291420;1;2016
291430;0;2016
291440;0;2016
291450;0;2016
291460;0;2016
291465;0;2016
291470;0;2016
291480;3;2016
291490;0;2016
291500;0;2016
291510;0;2016
291520;1;2016
291530;0;2016
291535;0;2016
291540;0;2016
291550;0;2016
291560;1;2016
291570;0;2016
291580;0;2016
291590;0;2016
291600;0;2016
291610;0;2016
291620;0;2016
291630;0;2016
291640;0;2016
291650;2;2016
291660;0;2016
291670;0;2016
291680;0;2016
291685;0;2016
291690;0;2016
291700;2;2016
291710;0;2016
291720;0;2016
291730;0;2016
291733;0;2016
291735;0;2016
291740;0;2016
291750;2;2016
291760;0;2016
291770;0;2016
291780;0;2016
291790;0;2016
291800;3;2016
291810;2;2016
291820;0;2016
291830;0;2016
291835;0;2016
291840;5;2016
291845;0;2016
291850;0;2016
291855;0;2016
291860;0;2016
291870;0;2016
291875;0;2016
291880;0;2016
291890;0;2016
291900;0;2016
291905;0;2016
291910;0;2016
291915;0;2016
291920;7;2016
291930;1;2016
291940;0;2016
291950;0;2016
291955;0;2016
291960;0;2016
291970;1;2016
291980;0;2016
291990;0;2016
291992;1;2016
291995;0;2016
292000;0;2016
292010;0;2016
292020;0;2016
292030;0;2016
292040;0;2016
292045;0;2016
292050;0;2016
292060;0;2016
292070;0;2016
292080;0;2016
292090;0;2016
292100;0;2016
292105;1;2016
292110;0;2016
292120;0;2016
292130;0;2016
292140;0;2016
292145;0;2016
292150;3;2016
292160;0;2016
292170;0;2016
292180;0;2016
292190;0;2016
292200;0;2016
292205;0;2016
292210;1;2016
292220;0;2016
292225;0;2016
292230;0;2016
292240;1;2016
292250;1;2016
292260;0;2016
292265;0;2016
292270;0;2016
292273;0;2016
292275;0;2016
292280;1;2016
292285;0;2016
292290;0;2016
292300;2;2016
292303;0;2016
292305;1;2016
292310;0;2016
292320;0;2016
292330;1;2016
292335;0;2016
292340;0;2016
292350;0;2016
292360;0;2016
292370;6;2016
292380;0;2016
292390;0;2016
292400;1;2016
292405;0;2016
292410;0;2016
292420;1;2016
292430;0;2016
292440;0;2016
292450;0;2016
292460;0;2016
292465;0;2016
292467;0;2016
292470;0;2016
292480;1;2016
292490;0;2016
292500;0;2016
292510;0;2016
292520;0;2016
292525;1;2016
292530;1;2016
292540;0;2016
292550;2;2016
292560;0;2016
292570;0;2016
292575;0;2016
292580;0;2016
292590;0;2016
292593;0;2016
292595;0;2016
292600;1;2016
292610;1;2016
292620;0;2016
292630;1;2016
292640;0;2016
292650;0;2016
292660;0;2016
292665;0;2016
292670;0;2016
292680;0;2016
292690;0;2016
292700;0;2016
292710;0;2016
292720;0;2016
292730;0;2016
292740;104;2016
292750;0;2016
292760;0;2016
292770;0;2016
292780;0;2016
292790;0;2016
292800;1;2016
292805;0;2016
292810;0;2016
292820;0;2016
292830;0;2016
292840;0;2016
292850;0;2016
292860;3;2016
292870;1;2016
292880;0;2016
292890;0;2016
292895;1;2016
292900;0;2016
292905;0;2016
292910;0;2016
292920;8;2016
292925;0;2016
292930;0;2016
292935;0;2016
292937;0;2016
292940;0;2016
292950;3;2016
292960;0;2016
292970;2;2016
292975;0;2016
292980;0;2016
292990;1;2016
293000;0;2016
293010;1;2016
293015;1;2016
293020;1;2016
293030;0;2016
293040;0;2016
293050;0;2016
293060;0;2016
293070;2;2016
293075;0;2016
293076;0;2016
293077;0;2016
293080;0;2016
293090;0;2016
293100;0;2016
293105;0;2016
293110;0;2016
293120;0;2016
293130;0;2016
293135;15;2016
293140;0;2016
293150;0;2016
293160;1;2016
293170;1;2016
293180;0;2016
293190;0;2016
293200;0;2016
293210;0;2016
293220;0;2016
293230;0;2016
293240;0;2016
293245;0;2016
293250;0;2016
293260;1;2016
293270;2;2016
293280;0;2016
293290;3;2016
293300;0;2016
293305;0;2016
293310;0;2016
293315;1;2016
293317;0;2016
293320;0;2016
293325;0;2016
293330;1;2016
293340;0;2016
293345;1;2016
293350;0;2016
293360;0;2016
310010;0;2016
310020;1;2016
310030;0;2016
310040;0;2016
310050;0;2016
310060;0;2016
310070;0;2016
310080;0;2016
310090;0;2016
310100;0;2016
310110;0;2016
310120;0;2016
310130;0;2016
310140;0;2016
310150;0;2016
310160;0;2016
310163;0;2016
310170;0;2016
310180;0;2016
310190;0;2016
310200;0;2016
310205;0;2016
310210;0;2016
310220;0;2016
310230;0;2016
310240;0;2016
310250;0;2016
310260;0;2016
310270;0;2016
310280;0;2016
310285;0;2016
310290;0;2016
310300;0;2016
310310;0;2016
310320;0;2016
310330;0;2016
310340;0;2016
310350;0;2016
310360;0;2016
310370;0;2016
310375;0;2016
310380;0;2016
310390;1;2016
310400;0;2016
310410;0;2016
310420;0;2016
310430;0;2016
310440;0;2016
310445;0;2016
310450;0;2016
310460;1;2016
310470;0;2016
310480;1;2016
310490;0;2016
310500;0;2016
310510;0;2016
310520;0;2016
310530;0;2016
310540;0;2016
310550;0;2016
310560;0;2016
310570;0;2016
310590;0;2016
310600;0;2016
310610;0;2016
310620;17;2016
310630;1;2016
310640;0;2016
310650;0;2016
310660;0;2016
310665;0;2016
310670;2;2016
310680;0;2016
310690;0;2016
310700;0;2016
310710;0;2016
310720;0;2016
310730;0;2016
310740;0;2016
310750;0;2016
310760;0;2016
310770;0;2016
310780;0;2016
310790;0;2016
310800;0;2016
310810;0;2016
310820;0;2016
310825;0;2016
310830;0;2016
310840;0;2016
310850;0;2016
310855;0;2016
310860;0;2016
310870;0;2016
310880;0;2016
310890;0;2016
310900;0;2016
310910;0;2016
310920;1;2016
310925;0;2016
310930;0;2016
310940;0;2016
310945;0;2016
310950;0;2016
310960;0;2016
310970;0;2016
310980;0;2016
310990;0;2016
311000;0;2016
311010;0;2016
311020;0;2016
311030;0;2016
311040;0;2016
311050;0;2016
311060;0;2016
311070;0;2016
311080;0;2016
311090;0;2016
311100;0;2016
311110;0;2016
311115;1;2016
311120;0;2016
311130;0;2016
311140;0;2016
311150;0;2016
311160;0;2016
311170;0;2016
311180;1;2016
311190;0;2016
311200;0;2016
311205;0;2016
311210;0;2016
311220;0;2016
311230;0;2016
311240;0;2016
311250;0;2016
311260;0;2016
311265;0;2016
311270;0;2016
311280;0;2016
311290;0;2016
311300;0;2016
311310;0;2016
311320;0;2016
311330;0;2016
311340;0;2016
311350;0;2016
311360;0;2016
311370;0;2016
311380;0;2016
311390;0;2016
311400;0;2016
311410;0;2016
311420;0;2016
311430;0;2016
311440;0;2016
311450;0;2016
311455;0;2016
311460;0;2016
311470;0;2016
311480;0;2016
311490;0;2016
311500;0;2016
311510;0;2016
311520;0;2016
311530;1;2016
311535;0;2016
311540;0;2016
311545;0;2016
311547;0;2016
311550;0;2016
311560;0;2016
311570;0;2016
311580;0;2016
311590;0;2016
311600;0;2016
311610;0;2016
311615;0;2016
311620;0;2016
311630;0;2016
311640;0;2016
311650;0;2016
311660;0;2016
311670;0;2016
311680;0;2016
311690;1;2016
311700;0;2016
311710;0;2016
311720;0;2016
311730;0;2016
311740;0;2016
311750;0;2016
311760;0;2016
311770;0;2016
311780;0;2016
311783;0;2016
311787;0;2016
311790;0;2016
311800;0;2016
311810;0;2016
311820;0;2016
311830;0;2016
311840;0;2016
311850;1;2016
311860;15;2016
311870;0;2016
311880;0;2016
311890;0;2016
311900;0;2016
311910;0;2016
311920;0;2016
311930;0;2016
311940;3;2016
311950;0;2016
311960;0;2016
311970;0;2016
311980;0;2016
311990;0;2016
311995;0;2016
312000;0;2016
312010;0;2016
312015;0;2016
312020;0;2016
312030;0;2016
312040;0;2016
312050;0;2016
312060;0;2016
312070;0;2016
312080;0;2016
312083;0;2016
312087;0;2016
312090;2;2016
312100;0;2016
312110;0;2016
312120;0;2016
312125;0;2016
312130;0;2016
312140;0;2016
312150;0;2016
312160;0;2016
312170;0;2016
312180;0;2016
312190;0;2016
312200;0;2016
312210;0;2016
312220;0;2016
312230;1;2016
312235;0;2016
312240;0;2016
312245;0;2016
312247;0;2016
312250;0;2016
312260;0;2016
312270;0;2016
312280;0;2016
312290;0;2016
312300;0;2016
312310;0;2016
312320;0;2016
312330;0;2016
312340;0;2016
312350;0;2016
312352;0;2016
312360;0;2016
312370;0;2016
312380;0;2016
312385;0;2016
312390;0;2016
312400;0;2016
312410;0;2016
312420;1;2016
312430;0;2016
312440;0;2016
312450;0;2016
312460;0;2016
312470;0;2016
312480;0;2016
312490;0;2016
312500;0;2016
312510;0;2016
312520;0;2016
312530;0;2016
312540;0;2016
312550;0;2016
312560;0;2016
312570;0;2016
312580;0;2016
312590;0;2016
312595;0;2016
312600;0;2016
312610;0;2016
312620;0;2016
312630;0;2016
312640;0;2016
312650;0;2016
312660;0;2016
312670;0;2016
312675;0;2016
312680;0;2016
312690;0;2016
312695;0;2016
312700;0;2016
312705;0;2016
312707;0;2016
312710;1;2016
312720;0;2016
312730;0;2016
312733;0;2016
312735;0;2016
312737;0;2016
312738;0;2016
312740;0;2016
312750;0;2016
312760;0;2016
312770;4;2016
312780;0;2016
312790;0;2016
312800;1;2016
312810;0;2016
312820;0;2016
312825;0;2016
312830;2;2016
312840;0;2016
312850;0;2016
312860;0;2016
312870;0;2016
312880;0;2016
312890;0;2016
312900;0;2016
312910;0;2016
312920;0;2016
312930;0;2016
312940;0;2016
312950;0;2016
312960;0;2016
312965;0;2016
312970;0;2016
312980;0;2016
312990;0;2016
313000;0;2016
313005;0;2016
313010;0;2016
313020;0;2016
313030;0;2016
313040;0;2016
313050;0;2016
313055;0;2016
313060;0;2016
313065;0;2016
313070;0;2016
313080;0;2016
313090;0;2016
313100;0;2016
313110;0;2016
313115;0;2016
313120;0;2016
313130;1;2016
313140;0;2016
313150;0;2016
313160;0;2016
313170;0;2016
313180;1;2016
313190;0;2016
313200;0;2016
313210;0;2016
313220;0;2016
313230;0;2016
313240;0;2016
313250;0;2016
313260;1;2016
313270;0;2016
313280;0;2016
313290;0;2016
313300;0;2016
313310;0;2016
313320;1;2016
313330;1;2016
313340;0;2016
313350;0;2016
313360;0;2016
313370;0;2016
313375;0;2016
313380;0;2016
313390;0;2016
313400;1;2016
313410;0;2016
313420;0;2016
313430;0;2016
313440;0;2016
313450;0;2016
313460;0;2016
313470;0;2016
313480;0;2016
313490;0;2016
313500;0;2016
313505;0;2016
313507;0;2016
313510;0;2016
313520;1;2016
313530;0;2016
313535;0;2016
313540;0;2016
313545;0;2016
313550;0;2016
313560;0;2016
313570;0;2016
313580;0;2016
313590;0;2016
313600;0;2016
313610;0;2016
313620;1;2016
313630;1;2016
313640;0;2016
313650;0;2016
313652;0;2016
313655;0;2016
313657;0;2016
313660;0;2016
313665;0;2016
313670;0;2016
313680;0;2016
313690;0;2016
313695;0;2016
313700;0;2016
313710;0;2016
313720;0;2016
313730;0;2016
313740;0;2016
313750;0;2016
313753;0;2016
313760;3;2016
313770;0;2016
313780;0;2016
313790;0;2016
313800;0;2016
313810;0;2016
313820;0;2016
313830;0;2016
313835;0;2016
313840;2;2016
313850;0;2016
313860;0;2016
313862;0;2016
313865;0;2016
313867;0;2016
313868;0;2016
313870;0;2016
313880;1;2016
313890;0;2016
313900;0;2016
313910;0;2016
313920;0;2016
313925;0;2016
313930;0;2016
313940;0;2016
313950;0;2016
313960;0;2016
313970;0;2016
313980;0;2016
313990;0;2016
314000;1;2016
314010;0;2016
314015;0;2016
314020;0;2016
314030;0;2016
314040;0;2016
314050;0;2016
314053;0;2016
314055;0;2016
314060;0;2016
314070;0;2016
314080;0;2016
314085;0;2016
314090;0;2016
314100;0;2016
314110;0;2016
314120;0;2016
314130;0;2016
314140;2;2016
314150;0;2016
314160;0;2016
314170;0;2016
314180;0;2016
314190;0;2016
314200;0;2016
314210;0;2016
314220;0;2016
314225;0;2016
314230;0;2016
314240;0;2016
314250;1;2016
314260;0;2016
314270;0;2016
314280;1;2016
314290;0;2016
314300;0;2016
314310;0;2016
314315;0;2016
314320;0;2016
314330;7;2016
314340;0;2016
314345;0;2016
314350;0;2016
314360;0;2016
314370;0;2016
314380;0;2016
314390;0;2016
314400;0;2016
314410;0;2016
314420;0;2016
314430;0;2016
314435;0;2016
314437;0;2016
314440;0;2016
314450;0;2016
314460;0;2016
314465;0;2016
314467;0;2016
314470;1;2016
314480;0;2016
314490;0;2016
314500;0;2016
314505;0;2016
314510;0;2016
314520;2;2016
314530;0;2016
314535;0;2016
314537;0;2016
314540;0;2016
314545;0;2016
314550;0;2016
314560;0;2016
314570;0;2016
314580;0;2016
314585;0;2016
314587;0;2016
314590;0;2016
314600;0;2016
314610;0;2016
314620;0;2016
314625;0;2016
314630;0;2016
314640;0;2016
314650;0;2016
314655;0;2016
314660;0;2016
314670;0;2016
314675;0;2016
314690;0;2016
314700;1;2016
314710;0;2016
314720;0;2016
314730;0;2016
314740;1;2016
314750;0;2016
314760;0;2016
314770;0;2016
314780;0;2016
314790;0;2016
314795;0;2016
314800;1;2016
314810;0;2016
314820;0;2016
314830;0;2016
314840;0;2016
314850;0;2016
314860;0;2016
314870;1;2016
314875;0;2016
314880;0;2016
314890;0;2016
314900;0;2016
314910;0;2016
314915;0;2016
314920;0;2016
314930;0;2016
314940;0;2016
314950;0;2016
314960;0;2016
314970;0;2016
314980;0;2016
314990;0;2016
314995;0;2016
315000;0;2016
315010;0;2016
315015;0;2016
315020;0;2016
315030;0;2016
315040;0;2016
315050;0;2016
315053;0;2016
315057;0;2016
315060;0;2016
315070;0;2016
315080;0;2016
315090;0;2016
315100;0;2016
315110;0;2016
315120;0;2016
315130;0;2016
315140;0;2016
315150;0;2016
315160;0;2016
315170;0;2016
315180;0;2016
315190;0;2016
315200;0;2016
315210;1;2016
315213;0;2016
315217;0;2016
315220;0;2016
315230;0;2016
315240;1;2016
315250;0;2016
315260;0;2016
315270;0;2016
315280;0;2016
315290;0;2016
315300;0;2016
315310;0;2016
315320;0;2016
315330;0;2016
315340;0;2016
315350;0;2016
315360;0;2016
315370;0;2016
315380;0;2016
315390;0;2016
315400;0;2016
315410;0;2016
315415;0;2016
315420;1;2016
315430;0;2016
315440;0;2016
315445;0;2016
315450;0;2016
315460;1;2016
315470;0;2016
315480;0;2016
315490;0;2016
315500;0;2016
315510;0;2016
315520;0;2016
315530;0;2016
315540;0;2016
315550;0;2016
315560;0;2016
315570;0;2016
315580;0;2016
315590;0;2016
315600;0;2016
315610;0;2016
315620;0;2016
315630;0;2016
315640;0;2016
315645;0;2016
315650;0;2016
315660;0;2016
315670;1;2016
315680;0;2016
315690;0;2016
315700;1;2016
315710;0;2016
315720;0;2016
315725;0;2016
315727;0;2016
315730;0;2016
315733;0;2016
315737;0;2016
315740;0;2016
315750;0;2016
315760;0;2016
315765;0;2016
315770;0;2016
315780;0;2016
315790;0;2016
315800;0;2016
315810;0;2016
315820;0;2016
315830;0;2016
315840;0;2016
315850;0;2016
315860;0;2016
315870;0;2016
315880;0;2016
315890;0;2016
315895;1;2016
315900;0;2016
315910;0;2016
315920;0;2016
315930;0;2016
315935;0;2016
315940;0;2016
315950;0;2016
315960;0;2016
315970;0;2016
315980;0;2016
315990;0;2016
316000;0;2016
316010;0;2016
316020;0;2016
316030;0;2016
316040;0;2016
316045;0;2016
316050;0;2016
316060;0;2016
316070;0;2016
316080;0;2016
316090;0;2016
316095;0;2016
316100;0;2016
316105;0;2016
316110;0;2016
316120;0;2016
316130;0;2016
316140;0;2016
316150;0;2016
316160;0;2016
316165;0;2016
316170;0;2016
316180;0;2016
316190;0;2016
316200;0;2016
316210;0;2016
316220;0;2016
316225;0;2016
316230;0;2016
316240;0;2016
316245;0;2016
316250;0;2016
316255;0;2016
316257;0;2016
316260;1;2016
316265;0;2016
316270;0;2016
316280;0;2016
316290;0;2016
316292;1;2016
316294;0;2016
316295;0;2016
316300;0;2016
316310;0;2016
316320;0;2016
316330;0;2016
316340;0;2016
316350;0;2016
316360;0;2016
316370;0;2016
316380;0;2016
316390;0;2016
316400;0;2016
316410;0;2016
316420;0;2016
316430;0;2016
316440;0;2016
316443;0;2016
316447;0;2016
316450;0;2016
316460;0;2016
316470;0;2016
316480;0;2016
316490;0;2016
316500;0;2016
316510;0;2016
316520;0;2016
316530;0;2016
316540;0;2016
316550;0;2016
316553;0;2016
316555;0;2016
316556;0;2016
316557;0;2016
316560;0;2016
316570;0;2016
316580;0;2016
316590;0;2016
316600;0;2016
316610;0;2016
316620;0;2016
316630;0;2016
316640;0;2016
316650;0;2016
316660;0;2016
316670;0;2016
316680;0;2016
316690;0;2016
316695;0;2016
316700;0;2016
316710;0;2016
316720;4;2016
316730;0;2016
316740;0;2016
316750;0;2016
316760;0;2016
316770;0;2016
316780;0;2016
316790;0;2016
316800;1;2016
316805;0;2016
316810;0;2016
316820;0;2016
316830;0;2016
316840;0;2016
316850;0;2016
316860;2;2016
316870;5;2016
316880;0;2016
316890;0;2016
316900;1;2016
316905;0;2016
316910;0;2016
316920;0;2016
316930;0;2016
316935;0;2016
316940;0;2016
316950;0;2016
316960;0;2016
316970;0;2016
316980;0;2016
316990;1;2016
317000;0;2016
317005;0;2016
317010;1;2016
317020;4;2016
317030;0;2016
317040;0;2016
317043;0;2016
317047;0;2016
317050;1;2016
317052;0;2016
317057;0;2016
317060;0;2016
317065;0;2016
317070;0;2016
317075;0;2016
317080;0;2016
317090;0;2016
317100;0;2016
317103;0;2016
317107;0;2016
317110;0;2016
317115;0;2016
317120;3;2016
317130;0;2016
317140;0;2016
317150;0;2016
317160;0;2016
317170;0;2016
317180;0;2016
317190;0;2016
317200;0;2016
317210;0;2016
317220;0;2016
320010;0;2016
320013;0;2016
320016;0;2016
320020;1;2016
320030;1;2016
320035;0;2016
320040;0;2016
320050;0;2016
320060;0;2016
320070;0;2016
320080;1;2016
320090;0;2016
320100;0;2016
320110;1;2016
320115;0;2016
320120;0;2016
320130;7;2016
320140;0;2016
320150;1;2016
320160;0;2016
320170;0;2016
320180;0;2016
320190;1;2016
320200;0;2016
320210;0;2016
320220;0;2016
320225;0;2016
320230;0;2016
320240;4;2016
320245;0;2016
320250;0;2016
320255;0;2016
320260;0;2016
320265;0;2016
320270;0;2016
320280;0;2016
320290;0;2016
320300;0;2016
320305;0;2016
320310;1;2016
320313;0;2016
320316;0;2016
320320;1;2016
320330;0;2016
320332;0;2016
320334;0;2016
320335;0;2016
320340;0;2016
320350;1;2016
320360;0;2016
320370;0;2016
320380;0;2016
320390;0;2016
320400;0;2016
320405;0;2016
320410;1;2016
320420;1;2016
320425;0;2016
320430;1;2016
320435;0;2016
320440;0;2016
320450;0;2016
320455;0;2016
320460;0;2016
320465;0;2016
320470;0;2016
320480;1;2016
320490;0;2016
320495;0;2016
320500;13;2016
320501;0;2016
320503;0;2016
320506;0;2016
320510;3;2016
320515;0;2016
320517;0;2016
320520;9;2016
320530;10;2016
330010;4;2016
330015;1;2016
330020;2;2016
330022;0;2016
330023;1;2016
330025;1;2016
330030;1;2016
330040;5;2016
330045;11;2016
330050;0;2016
330060;1;2016
330070;3;2016
330080;1;2016
330090;0;2016
330093;0;2016
330095;0;2016
330100;5;2016
330110;0;2016
330115;0;2016
330120;0;2016
330130;0;2016
330140;2;2016
330150;0;2016
330160;0;2016
330170;27;2016
330180;0;2016
330185;1;2016
330187;1;2016
330190;2;2016
330200;2;2016
330205;0;2016
330210;0;2016
330220;2;2016
330225;0;2016
330227;3;2016
330230;0;2016
330240;3;2016
330245;1;2016
330250;6;2016
330260;0;2016
330270;2;2016
330280;0;2016
330285;1;2016
330290;2;2016
330300;2;2016
330310;0;2016
330320;0;2016
330330;4;2016
330340;1;2016
330350;4;2016
330360;1;2016
330370;1;2016
330380;0;2016
330385;0;2016
330390;1;2016
330395;2;2016
330400;0;2016
330410;0;2016
330411;0;2016
330412;0;2016
330414;2;2016
330415;0;2016
330420;0;2016
330430;1;2016
330440;0;2016
330450;0;2016
330452;1;2016
330455;82;2016
330460;0;2016
330470;1;2016
330475;1;2016
330480;2;2016
330490;8;2016
330500;0;2016
330510;11;2016
330513;0;2016
330515;0;2016
330520;5;2016
330530;0;2016
330540;0;2016
330550;5;2016
330555;0;2016
330560;0;2016
330570;0;2016
330575;0;2016
330580;1;2016
330590;0;2016
330600;3;2016
330610;0;2016
330615;0;2016
330620;0;2016
330630;2;2016
350010;0;2016
350020;0;2016
350030;0;2016
350040;0;2016
350050;0;2016
350055;0;2016
350060;0;2016
350070;0;2016
350075;0;2016
350080;0;2016
350090;0;2016
350100;0;2016
350110;0;2016
350115;0;2016
350120;0;2016
350130;0;2016
350140;0;2016
350150;0;2016
350160;0;2016
350170;0;2016
350180;0;2016
350190;0;2016
350200;0;2016
350210;0;2016
350220;0;2016
350230;0;2016
350240;0;2016
350250;0;2016
350260;0;2016
350270;0;2016
350275;0;2016
350280;1;2016
350290;0;2016
350300;0;2016
350310;0;2016
350315;0;2016
350320;0;2016
350330;1;2016
350335;0;2016
350340;0;2016
350350;0;2016
350360;0;2016
350370;0;2016
350380;0;2016
350390;0;2016
350395;0;2016
350400;2;2016
350410;0;2016
350420;0;2016
350430;0;2016
350440;0;2016
350450;0;2016
350460;0;2016
350470;0;2016
350480;0;2016
350490;0;2016
350500;0;2016
350510;0;2016
350520;0;2016
350530;0;2016
350535;0;2016
350540;0;2016
350550;3;2016
350560;2;2016
350570;0;2016
350580;0;2016
350590;2;2016
350600;3;2016
350610;1;2016
350620;0;2016
350630;0;2016
350635;0;2016
350640;0;2016
350650;5;2016
350660;0;2016
350670;0;2016
350680;0;2016
350690;0;2016
350700;0;2016
350710;0;2016
350715;0;2016
350720;0;2016
350730;0;2016
350740;0;2016
350745;0;2016
350750;1;2016
350760;0;2016
350770;0;2016
350775;0;2016
350780;0;2016
350790;0;2016
350800;0;2016
350810;1;2016
350820;0;2016
350830;0;2016
350840;2;2016
350850;0;2016
350860;0;2016
350870;0;2016
350880;0;2016
350890;0;2016
350900;1;2016
350910;0;2016
350920;0;2016
350925;0;2016
350930;0;2016
350940;0;2016
350945;0;2016
350950;57;2016
350960;0;2016
350970;0;2016
350980;0;2016
350990;0;2016
350995;0;2016
351000;0;2016
351010;0;2016
351015;0;2016
351020;1;2016
351030;0;2016
351040;0;2016
351050;0;2016
351060;0;2016
351070;0;2016
351080;0;2016
351090;0;2016
351100;0;2016
351110;0;2016
351120;0;2016
351130;0;2016
351140;0;2016
351150;0;2016
351160;0;2016
351170;0;2016
351190;0;2016
351200;0;2016
351210;0;2016
351220;0;2016
351230;0;2016
351240;0;2016
351250;0;2016
351260;0;2016
351270;0;2016
351280;1;2016
351290;0;2016
351300;7;2016
351310;0;2016
351320;0;2016
351330;0;2016
351340;1;2016
351350;1;2016
351360;0;2016
351370;1;2016
351380;13;2016
351385;0;2016
351390;0;2016
351400;0;2016
351410;0;2016
351420;0;2016
351430;0;2016
351440;0;2016
351450;0;2016
351460;0;2016
351470;0;2016
351480;0;2016
351490;0;2016
351492;0;2016
351495;0;2016
351500;1;2016
351510;2;2016
351512;0;2016
351515;0;2016
351518;0;2016
351519;0;2016
351520;0;2016
351530;0;2016
351535;0;2016
351540;0;2016
351550;0;2016
351560;0;2016
351565;0;2016
351570;0;2016
351580;0;2016
351590;0;2016
351600;1;2016
351610;0;2016
351620;4;2016
351630;2;2016
351640;1;2016
351650;0;2016
351660;0;2016
351670;0;2016
351680;0;2016
351685;0;2016
351690;0;2016
351700;0;2016
351710;0;2016
351720;0;2016
351730;0;2016
351740;0;2016
351750;0;2016
351760;0;2016
351770;0;2016
351780;0;2016
351790;0;2016
351800;0;2016
351810;0;2016
351820;0;2016
351830;0;2016
351840;0;2016
351850;0;2016
351860;0;2016
351870;7;2016
351880;28;2016
351885;0;2016
351890;0;2016
351900;0;2016
351905;3;2016
351907;3;2016
351910;0;2016
351920;0;2016
351925;0;2016
351930;0;2016
351940;0;2016
351950;0;2016
351960;0;2016
351970;0;2016
351980;0;2016
351990;0;2016
352000;0;2016
352010;0;2016
352020;0;2016
352030;0;2016
352040;0;2016
352042;0;2016
352044;1;2016
352050;2;2016
352060;0;2016
352070;0;2016
352080;0;2016
352090;0;2016
352100;0;2016
352110;0;2016
352115;0;2016
352120;0;2016
352130;0;2016
352140;0;2016
352150;0;2016
352160;0;2016
352170;0;2016
352180;0;2016
352190;0;2016
352200;0;2016
352210;3;2016
352215;0;2016
352220;1;2016
352230;0;2016
352240;1;2016
352250;4;2016
352260;0;2016
352265;0;2016
352270;0;2016
352280;0;2016
352290;0;2016
352300;0;2016
352310;2;2016
352320;0;2016
352330;0;2016
352340;0;2016
352350;0;2016
352360;0;2016
352370;0;2016
352380;0;2016
352390;1;2016
352400;1;2016
352410;0;2016
352420;0;2016
352430;0;2016
352440;0;2016
352450;0;2016
352460;0;2016
352470;11;2016
352480;0;2016
352490;0;2016
352500;1;2016
352510;1;2016
352520;1;2016
352530;0;2016
352540;0;2016
352550;0;2016
352560;0;2016
352570;0;2016
352580;0;2016
352585;0;2016
352590;24;2016
352600;0;2016
352610;0;2016
352620;0;2016
352630;1;2016
352640;0;2016
352650;0;2016
352660;0;2016
352670;0;2016
352680;0;2016
352690;0;2016
352700;0;2016
352710;0;2016
352720;0;2016
352725;0;2016
352730;0;2016
352740;0;2016
352750;0;2016
352760;0;2016
352770;0;2016
352780;0;2016
352790;0;2016
352800;0;2016
352810;0;2016
352820;0;2016
352830;0;2016
352840;2;2016
352850;0;2016
352860;0;2016
352870;0;2016
352880;0;2016
352885;0;2016
352890;0;2016
352900;0;2016
352910;0;2016
352920;0;2016
352930;1;2016
352940;1;2016
352950;0;2016
352960;0;2016
352965;0;2016
352970;0;2016
352980;0;2016
352990;0;2016
353000;0;2016
353010;0;2016
353020;0;2016
353030;0;2016
353040;0;2016
353050;0;2016
353060;1;2016
353070;3;2016
353080;1;2016
353090;0;2016
353100;0;2016
353110;2;2016
353120;0;2016
353130;0;2016
353140;0;2016
353150;0;2016
353160;0;2016
353170;0;2016
353180;0;2016
353190;0;2016
353200;0;2016
353205;0;2016
353210;0;2016
353215;0;2016
353220;0;2016
353230;0;2016
353240;0;2016
353250;0;2016
353260;0;2016
353270;0;2016
353280;0;2016
353282;0;2016
353284;0;2016
353286;0;2016
353290;0;2016
353300;0;2016
353310;0;2016
353320;0;2016
353325;0;2016
353330;0;2016
353340;1;2016
353350;0;2016
353360;1;2016
353370;0;2016
353380;0;2016
353390;1;2016
353400;0;2016
353410;0;2016
353420;0;2016
353430;1;2016
353440;2;2016
353450;0;2016
353460;0;2016
353470;1;2016
353475;0;2016
353480;0;2016
353490;0;2016
353500;0;2016
353510;0;2016
353520;0;2016
353530;0;2016
353540;0;2016
353550;0;2016
353560;0;2016
353570;0;2016
353580;0;2016
353590;0;2016
353600;0;2016
353610;0;2016
353620;0;2016
353625;0;2016
353630;0;2016
353640;0;2016
353650;4;2016
353657;0;2016
353660;0;2016
353670;1;2016
353680;0;2016
353690;0;2016
353700;0;2016
353710;0;2016
353715;0;2016
353720;0;2016
353730;0;2016
353740;0;2016
353750;0;2016
353760;0;2016
353770;0;2016
353780;0;2016
353790;0;2016
353800;0;2016
353810;0;2016
353820;0;2016
353830;0;2016
353850;0;2016
353860;0;2016
353870;3;2016
353880;0;2016
353890;0;2016
353900;0;2016
353910;0;2016
353920;0;2016
353930;1;2016
353940;0;2016
353950;0;2016
353960;0;2016
353970;0;2016
353980;0;2016
353990;0;2016
354000;0;2016
354010;0;2016
354020;0;2016
354025;0;2016
354030;0;2016
354040;0;2016
354050;0;2016
354060;0;2016
354070;0;2016
354075;0;2016
354080;0;2016
354085;0;2016
354090;0;2016
354100;9;2016
354105;0;2016
354110;0;2016
354120;0;2016
354130;0;2016
354140;2;2016
354150;1;2016
354160;0;2016
354165;0;2016
354170;0;2016
354180;0;2016
354190;0;2016
354200;0;2016
354210;0;2016
354220;0;2016
354230;0;2016
354240;0;2016
354250;0;2016
354260;0;2016
354270;0;2016
354280;0;2016
354290;0;2016
354300;0;2016
354310;0;2016
354320;0;2016
354323;0;2016
354325;0;2016
354330;1;2016
354340;13;2016
354350;0;2016
354360;0;2016
354370;1;2016
354380;0;2016
354390;0;2016
354400;1;2016
354410;0;2016
354420;0;2016
354425;0;2016
354430;0;2016
354440;0;2016
354450;0;2016
354460;0;2016
354470;0;2016
354480;0;2016
354490;0;2016
354500;0;2016
354510;0;2016
354515;0;2016
354520;2;2016
354530;0;2016
354540;0;2016
354550;0;2016
354560;0;2016
354570;0;2016
354580;1;2016
354600;0;2016
354610;0;2016
354620;1;2016
354625;0;2016
354630;0;2016
354640;0;2016
354650;0;2016
354660;0;2016
354670;0;2016
354680;0;2016
354690;0;2016
354700;1;2016
354710;0;2016
354720;0;2016
354730;1;2016
354740;0;2016
354750;0;2016
354760;1;2016
354765;0;2016
354770;0;2016
354780;4;2016
354790;0;2016
354800;0;2016
354805;0;2016
354810;0;2016
354820;0;2016
354830;0;2016
354840;0;2016
354850;5;2016
354860;0;2016
354870;7;2016
354880;0;2016
354890;0;2016
354900;0;2016
354910;0;2016
354920;0;2016
354925;0;2016
354930;0;2016
354940;2;2016
354950;0;2016
354960;0;2016
354970;0;2016
354980;7;2016
354990;1;2016
354995;0;2016
355000;3;2016
355010;0;2016
355020;1;2016
355030;81;2016
355040;0;2016
355050;0;2016
355060;2;2016
355070;0;2016
355080;0;2016
355090;0;2016
355100;5;2016
355110;0;2016
355120;0;2016
355130;0;2016
355140;0;2016
355150;1;2016
355160;2;2016
355170;1;2016
355180;0;2016
355190;0;2016
355200;0;2016
355210;0;2016
355220;5;2016
355230;0;2016
355240;7;2016
355250;2;2016
355255;0;2016
355260;0;2016
355270;0;2016
355280;1;2016
355290;0;2016
355300;0;2016
355310;0;2016
355320;0;2016
355330;0;2016
355340;0;2016
355350;0;2016
355360;0;2016
355365;0;2016
355370;0;2016
355380;1;2016
355385;0;2016
355390;0;2016
355395;0;2016
355400;0;2016
355410;4;2016
355420;0;2016
355430;1;2016
355440;0;2016
355450;0;2016
355460;0;2016
355465;0;2016
355470;0;2016
355475;0;2016
355480;3;2016
355490;0;2016
355495;0;2016
355500;0;2016
355510;0;2016
355520;0;2016
355530;0;2016
355535;0;2016
355540;1;2016
355550;0;2016
355560;0;2016
355570;0;2016
355580;0;2016
355590;0;2016
355600;0;2016
355610;0;2016
355620;0;2016
355630;0;2016
355635;0;2016
355640;0;2016
355645;0;2016
355650;3;2016
355660;0;2016
355670;0;2016
355680;0;2016
355690;0;2016
355695;0;2016
355700;1;2016
355710;1;2016
355715;0;2016
355720;0;2016
355730;1;2016
410010;0;2016
410020;0;2016
410030;0;2016
410040;0;2016
410045;0;2016
410050;0;2016
410060;0;2016
410070;0;2016
410080;0;2016
410090;0;2016
410100;0;2016
410105;0;2016
410110;0;2016
410115;0;2016
410120;0;2016
410130;0;2016
410140;0;2016
410150;1;2016
410160;0;2016
410165;0;2016
410170;0;2016
410180;0;2016
410185;0;2016
410190;0;2016
410200;0;2016
410210;0;2016
410220;0;2016
410230;0;2016
410240;0;2016
410250;0;2016
410260;0;2016
410270;0;2016
410275;0;2016
410280;0;2016
410290;0;2016
410300;0;2016
410302;0;2016
410304;0;2016
410305;0;2016
410310;0;2016
410315;0;2016
410320;0;2016
410322;0;2016
410330;0;2016
410335;0;2016
410337;0;2016
410340;0;2016
410345;0;2016
410347;0;2016
410350;0;2016
410360;0;2016
410370;0;2016
410380;0;2016
410390;0;2016
410395;0;2016
410400;0;2016
410405;0;2016
410410;0;2016
410420;0;2016
410425;0;2016
410430;0;2016
410440;0;2016
410442;0;2016
410445;0;2016
410450;0;2016
410460;0;2016
410465;0;2016
410470;0;2016
410480;2;2016
410490;0;2016
410500;0;2016
410510;0;2016
410520;0;2016
410530;0;2016
410540;0;2016
410550;0;2016
410560;0;2016
410570;0;2016
410580;1;2016
410590;0;2016
410600;0;2016
410610;0;2016
410620;0;2016
410630;0;2016
410640;0;2016
410645;0;2016
410650;0;2016
410655;0;2016
410657;0;2016
410660;0;2016
410670;0;2016
410680;0;2016
410685;0;2016
410690;2;2016
410700;0;2016
410710;0;2016
410712;0;2016
410715;0;2016
410720;0;2016
410725;0;2016
410730;0;2016
410740;0;2016
410750;0;2016
410752;0;2016
410753;0;2016
410754;0;2016
410755;0;2016
410760;0;2016
410765;0;2016
410770;0;2016
410773;0;2016
410775;0;2016
410780;0;2016
410785;0;2016
410790;0;2016
410800;0;2016
410810;0;2016
410820;0;2016
410830;1;2016
410832;0;2016
410840;1;2016
410845;0;2016
410850;0;2016
410855;0;2016
410860;0;2016
410865;0;2016
410870;0;2016
410880;0;2016
410890;0;2016
410895;0;2016
410900;0;2016
410910;0;2016
410920;0;2016
410930;0;2016
410940;0;2016
410950;0;2016
410960;0;2016
410965;0;2016
410970;0;2016
410975;1;2016
410980;0;2016
410990;0;2016
411000;0;2016
411005;0;2016
411007;0;2016
411010;0;2016
411020;1;2016
411030;0;2016
411040;0;2016
411050;0;2016
411060;0;2016
411065;0;2016
411070;0;2016
411080;0;2016
411090;0;2016
411095;0;2016
411100;0;2016
411110;0;2016
411120;0;2016
411125;0;2016
411130;0;2016
411140;1;2016
411150;0;2016
411155;0;2016
411160;0;2016
411170;0;2016
411180;0;2016
411190;0;2016
411200;1;2016
411210;0;2016
411220;0;2016
411230;0;2016
411240;0;2016
411250;0;2016
411260;0;2016
411270;0;2016
411275;0;2016
411280;0;2016
411290;0;2016
411295;0;2016
411300;0;2016
411310;0;2016
411320;0;2016
411325;0;2016
411330;0;2016
411340;0;2016
411342;0;2016
411345;0;2016
411350;0;2016
411360;0;2016
411370;1;2016
411373;0;2016
411375;0;2016
411380;0;2016
411390;1;2016
411400;0;2016
411410;0;2016
411420;0;2016
411430;0;2016
411435;0;2016
411440;0;2016
411450;0;2016
411460;0;2016
411470;0;2016
411480;0;2016
411490;0;2016
411500;0;2016
411510;0;2016
411520;1;2016
411530;0;2016
411535;0;2016
411540;0;2016
411545;0;2016
411550;0;2016
411560;0;2016
411570;0;2016
411573;0;2016
411575;0;2016
411580;0;2016
411585;0;2016
411590;0;2016
411600;0;2016
411605;0;2016
411610;0;2016
411620;0;2016
411630;0;2016
411640;0;2016
411650;0;2016
411660;0;2016
411670;0;2016
411680;0;2016
411690;0;2016
411695;0;2016
411700;0;2016
411705;0;2016
411710;0;2016
411720;0;2016
411721;0;2016
411722;0;2016
411725;0;2016
411727;0;2016
411729;0;2016
411730;0;2016
411740;0;2016
411745;0;2016
411750;0;2016
411760;1;2016
411770;0;2016
411780;0;2016
411790;0;2016
411800;0;2016
411810;0;2016
411820;0;2016
411830;0;2016
411840;0;2016
411845;0;2016
411850;0;2016
411860;0;2016
411870;0;2016
411880;0;2016
411885;0;2016
411890;0;2016
411900;0;2016
411910;0;2016
411915;0;2016
411920;0;2016
411925;0;2016
411930;0;2016
411940;0;2016
411950;0;2016
411960;0;2016
411965;0;2016
411970;0;2016
411980;0;2016
411990;0;2016
411995;0;2016
412000;0;2016
412010;0;2016
412015;0;2016
412020;0;2016
412030;0;2016
412033;0;2016
412035;0;2016
412040;0;2016
412050;0;2016
412060;0;2016
412065;0;2016
412070;0;2016
412080;0;2016
412085;0;2016
412090;0;2016
412100;0;2016
412110;0;2016
412120;0;2016
412125;0;2016
412130;0;2016
412135;0;2016
412140;0;2016
412150;0;2016
412160;0;2016
412170;0;2016
412175;0;2016
412180;0;2016
412190;0;2016
412200;0;2016
412210;0;2016
412215;0;2016
412217;0;2016
412220;0;2016
412230;0;2016
412240;0;2016
412250;0;2016
412260;0;2016
412265;0;2016
412270;0;2016
412280;0;2016
412290;0;2016
412300;0;2016
412310;0;2016
412320;0;2016
412330;0;2016
412340;0;2016
412350;0;2016
412360;0;2016
412370;0;2016
412380;0;2016
412382;0;2016
412385;0;2016
412390;0;2016
412395;0;2016
412400;0;2016
412402;0;2016
412405;0;2016
412410;0;2016
412420;0;2016
412430;0;2016
412440;0;2016
412450;0;2016
412460;0;2016
412470;0;2016
412480;0;2016
412490;0;2016
412500;0;2016
412510;0;2016
412520;0;2016
412530;0;2016
412535;0;2016
412540;0;2016
412545;0;2016
412550;0;2016
412555;0;2016
412560;1;2016
412570;0;2016
412575;0;2016
412580;0;2016
412590;0;2016
412600;0;2016
412610;0;2016
412620;0;2016
412625;0;2016
412627;0;2016
412630;0;2016
412635;0;2016
412640;0;2016
412650;0;2016
412660;0;2016
412665;0;2016
412667;0;2016
412670;0;2016
412680;0;2016
412690;0;2016
412700;0;2016
412710;0;2016
412720;0;2016
412730;0;2016
412740;0;2016
412750;0;2016
412760;0;2016
412770;0;2016
412780;0;2016
412785;0;2016
412788;0;2016
412790;0;2016
412795;0;2016
412796;0;2016
412800;0;2016
412810;0;2016
412820;0;2016
412830;0;2016
412840;0;2016
412850;0;2016
412853;0;2016
412855;0;2016
412860;0;2016
412862;0;2016
412863;0;2016
412865;0;2016
412870;0;2016
412880;0;2016
420005;0;2016
420010;0;2016
420020;0;2016
420030;0;2016
420040;0;2016
420050;0;2016
420055;0;2016
420060;0;2016
420070;0;2016
420075;0;2016
420080;0;2016
420090;0;2016
420100;0;2016
420110;0;2016
420120;0;2016
420125;0;2016
420127;0;2016
420130;0;2016
420140;1;2016
420150;0;2016
420160;0;2016
420165;0;2016
420170;0;2016
420180;0;2016
420190;0;2016
420195;0;2016
420200;0;2016
420205;0;2016
420207;0;2016
420208;0;2016
420209;0;2016
420210;0;2016
420213;0;2016
420215;0;2016
420220;0;2016
420230;0;2016
420240;0;2016
420243;0;2016
420245;0;2016
420250;0;2016
420253;0;2016
420257;0;2016
420260;0;2016
420270;0;2016
420280;1;2016
420285;0;2016
420287;0;2016
420290;0;2016
420300;0;2016
420310;0;2016
420315;0;2016
420320;0;2016
420325;0;2016
420330;0;2016
420340;0;2016
420350;0;2016
420360;0;2016
420370;0;2016
420380;0;2016
420390;0;2016
420395;0;2016
420400;0;2016
420410;0;2016
420415;0;2016
420417;0;2016
420419;0;2016
420420;0;2016
420425;0;2016
420430;0;2016
420435;0;2016
420440;0;2016
420445;0;2016
420450;0;2016
420455;0;2016
420460;0;2016
420470;0;2016
420475;0;2016
420480;0;2016
420490;0;2016
420500;0;2016
420510;0;2016
420515;0;2016
420517;0;2016
420519;0;2016
420520;0;2016
420530;0;2016
420535;0;2016
420540;1;2016
420543;0;2016
420545;0;2016
420550;0;2016
420555;0;2016
420560;0;2016
420570;0;2016
420580;0;2016
420590;0;2016
420600;0;2016
420610;0;2016
420620;0;2016
420630;0;2016
420640;0;2016
420650;0;2016
420660;0;2016
420665;0;2016
420670;0;2016
420675;0;2016
420680;0;2016
420690;0;2016
420700;0;2016
420710;0;2016
420720;0;2016
420730;0;2016
420740;0;2016
420750;0;2016
420757;0;2016
420760;0;2016
420765;0;2016
420768;0;2016
420770;0;2016
420775;0;2016
420780;0;2016
420785;0;2016
420790;0;2016
420800;0;2016
420810;0;2016
420820;0;2016
420830;0;2016
420840;0;2016
420845;0;2016
420850;0;2016
420860;0;2016
420870;0;2016
420880;0;2016
420890;0;2016
420895;0;2016
420900;1;2016
420910;1;2016
420915;0;2016
420917;0;2016
420920;0;2016
420930;0;2016
420940;0;2016
420945;0;2016
420950;0;2016
420960;0;2016
420970;0;2016
420980;0;2016
420985;0;2016
420990;0;2016
421000;0;2016
421003;0;2016
421005;0;2016
421010;0;2016
421020;0;2016
421030;0;2016
421040;0;2016
421050;0;2016
421055;0;2016
421060;0;2016
421070;0;2016
421080;0;2016
421085;0;2016
421090;0;2016
421100;0;2016
421105;0;2016
421110;0;2016
421120;0;2016
421125;0;2016
421130;0;2016
421140;0;2016
421145;0;2016
421150;0;2016
421160;0;2016
421165;0;2016
421170;0;2016
421175;0;2016
421180;0;2016
421185;0;2016
421187;0;2016
421189;0;2016
421190;0;2016
421200;0;2016
421205;0;2016
421210;0;2016
421220;0;2016
421223;0;2016
421225;0;2016
421227;0;2016
421230;0;2016
421240;0;2016
421250;0;2016
421260;0;2016
421270;0;2016
421280;0;2016
421290;0;2016
421300;0;2016
421310;0;2016
421315;0;2016
421320;0;2016
421330;0;2016
421335;0;2016
421340;0;2016
421350;0;2016
421360;0;2016
421370;0;2016
421380;0;2016
421390;0;2016
421400;0;2016
421410;0;2016
421415;0;2016
421420;0;2016
421430;0;2016
421440;0;2016
421450;0;2016
421460;0;2016
421470;0;2016
421480;0;2016
421490;0;2016
421500;0;2016
421505;0;2016
421507;0;2016
421510;0;2016
421520;0;2016
421530;0;2016
421535;0;2016
421540;0;2016
421545;0;2016
421550;0;2016
421555;0;2016
421560;0;2016
421565;0;2016
421567;0;2016
421568;0;2016
421569;0;2016
421570;0;2016
421575;0;2016
421580;0;2016
421590;0;2016
421600;0;2016
421605;0;2016
421610;0;2016
421620;0;2016
421625;0;2016
421630;0;2016
421635;0;2016
421640;0;2016
421650;0;2016
421660;1;2016
421670;0;2016
421680;0;2016
421690;0;2016
421700;0;2016
421710;0;2016
421715;0;2016
421720;0;2016
421725;0;2016
421730;0;2016
421740;0;2016
421750;0;2016
421755;0;2016
421760;0;2016
421770;0;2016
421775;0;2016
421780;0;2016
421790;0;2016
421795;0;2016
421800;0;2016
421810;1;2016
421820;0;2016
421825;0;2016
421830;0;2016
421835;0;2016
421840;0;2016
421850;0;2016
421860;0;2016
421870;1;2016
421875;0;2016
421880;0;2016
421885;0;2016
421890;0;2016
421895;0;2016
421900;0;2016
421910;0;2016
421915;0;2016
421917;0;2016
421920;0;2016
421930;0;2016
421935;0;2016
421940;0;2016
421950;1;2016
421960;0;2016
421970;0;2016
421985;0;2016
430003;0;2016
430005;0;2016
430010;0;2016
430020;0;2016
430030;0;2016
430040;0;2016
430045;0;2016
430047;0;2016
430050;0;2016
430055;0;2016
430057;0;2016
430060;1;2016
430063;0;2016
430064;0;2016
430066;0;2016
430070;0;2016
430080;0;2016
430085;0;2016
430087;0;2016
430090;0;2016
430100;0;2016
430105;0;2016
430107;0;2016
430110;0;2016
430120;0;2016
430130;0;2016
430140;0;2016
430150;0;2016
430155;0;2016
430160;0;2016
430163;0;2016
430165;0;2016
430170;0;2016
430175;0;2016
430180;0;2016
430185;1;2016
430187;0;2016
430190;0;2016
430192;0;2016
430195;0;2016
430200;0;2016
430205;0;2016
430210;0;2016
430215;0;2016
430220;0;2016
430222;0;2016
430223;0;2016
430225;0;2016
430230;0;2016
430235;0;2016
430237;0;2016
430240;0;2016
430245;0;2016
430250;0;2016
430258;0;2016
430260;0;2016
430265;0;2016
430270;0;2016
430280;0;2016
430290;0;2016
430300;0;2016
430310;0;2016
430320;0;2016
430330;0;2016
430340;0;2016
430350;0;2016
430355;0;2016
430360;0;2016
430367;0;2016
430370;0;2016
430380;0;2016
430390;0;2016
430400;0;2016
430410;0;2016
430420;0;2016
430430;0;2016
430435;0;2016
430440;0;2016
430450;0;2016
430460;0;2016
430461;0;2016
430462;0;2016
430463;0;2016
430465;0;2016
430466;0;2016
430467;0;2016
430468;0;2016
430469;0;2016
430470;0;2016
430471;0;2016
430480;0;2016
430485;0;2016
430490;0;2016
430495;0;2016
430500;0;2016
430510;0;2016
430511;0;2016
430512;0;2016
430513;0;2016
430515;0;2016
430517;0;2016
430520;0;2016
430530;0;2016
430535;0;2016
430537;0;2016
430540;0;2016
430543;0;2016
430544;0;2016
430545;0;2016
430550;0;2016
430558;0;2016
430560;0;2016
430570;0;2016
430580;0;2016
430583;0;2016
430585;0;2016
430587;0;2016
430590;0;2016
430593;0;2016
430595;0;2016
430597;0;2016
430600;0;2016
430605;0;2016
430607;0;2016
430610;0;2016
430613;0;2016
430620;0;2016
430630;0;2016
430632;0;2016
430635;0;2016
430637;0;2016
430640;0;2016
430642;0;2016
430645;0;2016
430650;0;2016
430655;0;2016
430660;0;2016
430670;0;2016
430673;0;2016
430675;0;2016
430676;0;2016
430680;0;2016
430690;0;2016
430692;0;2016
430693;0;2016
430695;0;2016
430697;0;2016
430700;0;2016
430705;0;2016
430710;0;2016
430720;0;2016
430730;0;2016
430740;0;2016
430745;0;2016
430750;0;2016
430755;0;2016
430760;2;2016
430770;0;2016
430780;0;2016
430781;0;2016
430783;0;2016
430786;0;2016
430790;0;2016
430800;0;2016
430805;0;2016
430807;0;2016
430810;0;2016
430820;0;2016
430825;0;2016
430830;0;2016
430840;0;2016
430843;0;2016
430845;0;2016
430850;1;2016
430860;0;2016
430865;0;2016
430870;0;2016
430880;0;2016
430885;0;2016
430890;0;2016
430900;0;2016
430905;0;2016
430910;0;2016
430912;0;2016
430915;0;2016
430920;0;2016
430925;0;2016
430930;0;2016
430940;0;2016
430950;0;2016
430955;0;2016
430957;0;2016
430960;0;2016
430965;0;2016
430970;0;2016
430975;0;2016
430980;0;2016
430990;0;2016
430995;0;2016
431000;0;2016
431010;0;2016
431020;1;2016
431030;0;2016
431033;0;2016
431036;0;2016
431040;0;2016
431041;0;2016
431043;0;2016
431046;0;2016
431050;0;2016
431053;0;2016
431055;0;2016
431057;0;2016
431060;0;2016
431065;0;2016
431070;0;2016
431075;0;2016
431080;0;2016
431085;0;2016
431087;0;2016
431090;0;2016
431100;0;2016
431110;0;2016
431112;0;2016
431113;0;2016
431115;0;2016
431120;0;2016
431123;0;2016
431125;0;2016
431127;0;2016
431130;0;2016
431140;0;2016
431142;0;2016
431150;0;2016
431160;0;2016
431162;0;2016
431164;0;2016
431170;0;2016
431171;0;2016
431173;0;2016
431175;0;2016
431177;0;2016
431179;0;2016
431180;0;2016
431190;0;2016
431198;0;2016
431200;0;2016
431205;0;2016
431210;0;2016
431213;0;2016
431215;0;2016
431217;0;2016
431220;0;2016
431225;0;2016
431230;0;2016
431235;0;2016
431237;0;2016
431238;0;2016
431240;0;2016
431242;0;2016
431244;0;2016
431245;0;2016
431247;0;2016
431250;0;2016
431260;0;2016
431261;0;2016
431262;0;2016
431265;0;2016
431267;0;2016
431270;0;2016
431275;0;2016
431280;0;2016
431290;0;2016
431295;0;2016
431300;0;2016
431301;0;2016
431303;0;2016
431306;0;2016
431308;0;2016
431310;0;2016
431320;0;2016
431330;0;2016
431333;0;2016
431335;0;2016
431337;1;2016
431339;0;2016
431340;0;2016
431342;0;2016
431344;0;2016
431346;0;2016
431349;0;2016
431350;0;2016
431360;0;2016
431365;0;2016
431370;0;2016
431380;0;2016
431390;0;2016
431395;0;2016
431400;0;2016
431402;0;2016
431403;0;2016
431405;0;2016
431406;0;2016
431407;0;2016
431410;0;2016
431413;0;2016
431415;0;2016
431417;0;2016
431420;0;2016
431430;0;2016
431440;1;2016
431442;0;2016
431445;0;2016
431446;0;2016
431447;0;2016
431449;0;2016
431450;0;2016
431455;0;2016
431460;0;2016
431470;0;2016
431475;0;2016
431477;0;2016
431478;0;2016
431480;0;2016
431490;5;2016
431500;0;2016
431505;0;2016
431507;0;2016
431510;0;2016
431513;0;2016
431514;0;2016
431515;0;2016
431517;0;2016
431520;0;2016
431530;0;2016
431531;0;2016
431532;0;2016
431535;0;2016
431540;0;2016
431545;0;2016
431550;0;2016
431555;0;2016
431560;0;2016
431570;0;2016
431575;0;2016
431580;0;2016
431590;0;2016
431595;0;2016
431600;0;2016
431610;0;2016
431620;0;2016
431630;0;2016
431640;0;2016
431642;0;2016
431643;0;2016
431645;0;2016
431647;0;2016
431650;0;2016
431660;0;2016
431670;0;2016
431673;0;2016
431675;0;2016
431680;0;2016
431690;0;2016
431695;0;2016
431697;0;2016
431700;0;2016
431710;0;2016
431720;0;2016
431725;0;2016
431730;0;2016
431740;0;2016
431750;0;2016
431755;0;2016
431760;0;2016
431770;0;2016
431775;0;2016
431780;0;2016
431790;0;2016
431795;0;2016
431800;0;2016
431805;0;2016
431810;0;2016
431820;0;2016
431830;0;2016
431840;0;2016
431842;0;2016
431843;0;2016
431844;0;2016
431845;0;2016
431846;0;2016
431848;0;2016
431849;0;2016
431850;0;2016
431860;0;2016
431861;0;2016
431862;0;2016
431870;0;2016
431880;0;2016
431890;0;2016
431900;0;2016
431910;0;2016
431912;0;2016
431915;0;2016
431920;0;2016
431930;0;2016
431935;0;2016
431936;0;2016
431937;0;2016
431940;0;2016
431950;0;2016
431960;0;2016
431970;0;2016
431971;0;2016
431973;0;2016
431975;0;2016
431980;0;2016
431990;0;2016
432000;0;2016
432010;0;2016
432020;0;2016
432023;0;2016
432026;0;2016
432030;0;2016
432032;0;2016
432035;0;2016
432040;0;2016
432045;0;2016
432050;0;2016
432055;0;2016
432057;0;2016
432060;0;2016
432065;0;2016
432067;0;2016
432070;0;2016
432080;0;2016
432085;0;2016
432090;0;2016
432100;0;2016
432110;0;2016
432120;0;2016
432130;0;2016
432132;0;2016
432135;0;2016
432140;0;2016
432143;0;2016
432145;0;2016
432146;0;2016
432147;0;2016
432149;0;2016
432150;0;2016
432160;0;2016
432162;0;2016
432163;0;2016
432166;0;2016
432170;0;2016
432180;0;2016
432183;0;2016
432185;0;2016
432190;0;2016
432195;0;2016
432200;0;2016
432210;0;2016
432215;0;2016
432218;0;2016
432220;0;2016
432225;0;2016
432230;0;2016
432232;0;2016
432234;0;2016
432235;0;2016
432237;0;2016
432240;0;2016
432250;0;2016
432252;0;2016
432253;0;2016
432254;0;2016
432255;0;2016
432260;0;2016
432270;0;2016
432280;0;2016
432285;0;2016
432290;0;2016
432300;0;2016
432310;1;2016
432320;0;2016
432330;0;2016
432335;0;2016
432340;0;2016
432345;0;2016
432350;0;2016
432360;0;2016
432370;0;2016
432375;0;2016
432377;0;2016
432380;0;2016
500020;0;2016
500025;0;2016
500060;0;2016
500070;0;2016
500080;0;2016
500085;0;2016
500090;0;2016
500100;0;2016
500110;0;2016
500124;0;2016
500150;0;2016
500190;0;2016
500200;0;2016
500210;0;2016
500215;0;2016
500220;1;2016
500230;0;2016
500240;0;2016
500260;0;2016
500270;6;2016
500280;1;2016
500290;0;2016
500295;0;2016
500310;0;2016
500315;0;2016
500320;0;2016
500325;0;2016
500330;0;2016
500345;0;2016
500348;0;2016
500350;0;2016
500370;10;2016
500375;0;2016
500380;1;2016
500390;0;2016
500400;0;2016
500410;0;2016
500430;0;2016
500440;0;2016
500450;0;2016
500460;0;2016
500470;0;2016
500480;0;2016
500490;0;2016
500500;0;2016
500510;0;2016
500515;0;2016
500520;0;2016
500525;0;2016
500540;1;2016
500560;0;2016
500568;0;2016
500570;0;2016
500580;0;2016
500600;0;2016
500620;1;2016
500625;0;2016
500630;1;2016
500635;0;2016
500640;0;2016
500660;0;2016
500690;0;2016
500710;0;2016
500720;0;2016
500730;0;2016
500740;1;2016
500750;0;2016
500755;0;2016
500769;0;2016
500770;0;2016
500780;0;2016
500790;0;2016
500793;0;2016
500795;1;2016
500797;0;2016
500800;0;2016
500830;0;2016
500840;0;2016
510010;0;2016
510020;0;2016
510025;1;2016
510030;1;2016
510035;0;2016
510040;0;2016
510050;0;2016
510060;1;2016
510080;1;2016
510100;0;2016
510120;0;2016
510125;0;2016
510130;0;2016
510140;0;2016
510160;0;2016
510170;0;2016
510180;1;2016
510185;0;2016
510190;0;2016
510250;3;2016
510260;1;2016
510263;1;2016
510267;1;2016
510268;0;2016
510269;0;2016
510270;0;2016
510279;0;2016
510285;0;2016
510300;0;2016
510305;1;2016
510310;0;2016
510320;0;2016
510325;1;2016
510330;0;2016
510335;0;2016
510336;0;2016
510337;0;2016
510340;17;2016
510343;0;2016
510345;0;2016
510350;0;2016
510360;0;2016
510370;0;2016
510380;0;2016
510385;0;2016
510390;0;2016
510395;0;2016
510410;1;2016
510420;0;2016
510450;0;2016
510452;0;2016
510454;0;2016
510455;0;2016
510460;0;2016
510480;2;2016
510490;0;2016
510500;0;2016
510510;0;2016
510515;0;2016
510517;0;2016
510520;0;2016
510523;0;2016
510525;3;2016
510530;0;2016
510550;0;2016
510558;0;2016
510560;2;2016
510562;0;2016
510590;0;2016
510600;0;2016
510610;0;2016
510615;0;2016
510617;0;2016
510618;0;2016
510619;0;2016
510620;0;2016
510621;0;2016
510622;2;2016
510623;0;2016
510624;0;2016
510625;0;2016
510626;0;2016
510627;0;2016
510628;0;2016
510629;0;2016
510630;0;2016
510631;0;2016
510637;0;2016
510642;1;2016
510645;0;2016
510650;1;2016
510665;0;2016
510670;0;2016
510675;2;2016
510677;0;2016
510680;1;2016
510682;0;2016
510685;0;2016
510700;0;2016
510704;1;2016
510706;1;2016
510710;1;2016
510715;0;2016
510718;0;2016
510719;0;2016
510720;0;2016
510724;0;2016
510726;0;2016
510729;1;2016
510730;1;2016
510735;0;2016
510740;0;2016
510757;0;2016
510760;9;2016
510770;0;2016
510774;0;2016
510775;0;2016
510776;0;2016
510777;0;2016
510779;0;2016
510780;1;2016
510785;0;2016
510787;2;2016
510788;0;2016
510790;2;2016
510792;2;2016
510794;0;2016
510795;5;2016
510800;0;2016
510805;0;2016
510810;0;2016
510820;0;2016
510830;0;2016
510835;0;2016
510840;9;2016
510850;0;2016
510860;0;2016
510880;0;2016
510885;0;2016
510890;0;2016
510895;0;2016
520005;1;2016
520010;0;2016
520013;0;2016
520015;0;2016
520017;0;2016
520020;0;2016
520025;1;2016
520030;0;2016
520050;0;2016
520055;0;2016
520060;0;2016
520080;1;2016
520082;0;2016
520085;0;2016
520090;0;2016
520110;1;2016
520120;0;2016
520130;0;2016
520140;2;2016
520145;0;2016
520150;0;2016
520160;0;2016
520170;0;2016
520180;0;2016
520215;0;2016
520235;0;2016
520250;0;2016
520260;0;2016
520280;0;2016
520310;0;2016
520320;0;2016
520330;0;2016
520340;0;2016
520350;0;2016
520355;0;2016
520357;0;2016
520360;0;2016
520380;0;2016
520390;0;2016
520393;0;2016
520396;0;2016
520400;0;2016
520410;0;2016
520420;0;2016
520425;0;2016
520430;0;2016
520440;0;2016
520450;2;2016
520455;0;2016
520460;0;2016
520465;0;2016
520470;1;2016
520480;0;2016
520485;0;2016
520490;0;2016
520495;0;2016
520500;1;2016
520505;0;2016
520510;0;2016
520520;0;2016
520530;0;2016
520540;0;2016
520545;0;2016
520547;0;2016
520549;0;2016
520551;0;2016
520552;0;2016
520570;0;2016
520580;0;2016
520590;0;2016
520620;0;2016
520630;0;2016
520640;0;2016
520650;0;2016
520660;0;2016
520670;0;2016
520680;0;2016
520690;0;2016
520710;0;2016
520725;0;2016
520735;0;2016
520740;0;2016
520750;0;2016
520753;0;2016
520760;0;2016
520780;0;2016
520790;0;2016
520800;0;2016
520810;0;2016
520815;0;2016
520830;0;2016
520840;0;2016
520850;0;2016
520860;0;2016
520870;8;2016
520880;0;2016
520890;0;2016
520910;0;2016
520915;0;2016
520920;0;2016
520929;0;2016
520940;0;2016
520945;0;2016
520960;0;2016
520970;0;2016
520980;0;2016
520990;0;2016
520993;0;2016
520995;0;2016
521000;1;2016
521010;0;2016
521015;0;2016
521020;0;2016
521030;0;2016
521040;0;2016
521056;0;2016
521060;0;2016
521080;0;2016
521090;0;2016
521100;0;2016
521120;0;2016
521130;0;2016
521140;0;2016
521150;1;2016
521160;0;2016
521170;0;2016
521180;0;2016
521190;1;2016
521200;0;2016
521205;0;2016
521210;0;2016
521220;0;2016
521225;0;2016
521230;0;2016
521250;0;2016
521260;0;2016
521270;0;2016
521280;0;2016
521290;0;2016
521295;0;2016
521300;0;2016
521305;0;2016
521308;0;2016
521310;0;2016
521340;0;2016
521350;0;2016
521370;0;2016
521375;0;2016
521377;0;2016
521380;0;2016
521385;0;2016
521390;0;2016
521400;0;2016
521405;0;2016
521410;0;2016
521440;0;2016
521450;0;2016
521460;0;2016
521470;0;2016
521480;0;2016
521483;0;2016
521486;0;2016
521487;0;2016
521490;0;2016
521500;0;2016
521520;0;2016
521523;0;2016
521525;0;2016
521530;0;2016
521540;0;2016
521550;0;2016
521560;0;2016
521565;0;2016
521570;0;2016
521580;0;2016
521590;0;2016
521600;0;2016
521630;1;2016
521640;0;2016
521645;0;2016
521680;0;2016
521690;0;2016
521710;0;2016
521720;1;2016
521730;0;2016
521740;0;2016
521760;0;2016
521770;0;2016
521800;0;2016
521805;0;2016
521810;0;2016
521830;0;2016
521839;0;2016
521850;0;2016
521860;0;2016
521870;0;2016
521878;0;2016
521880;2;2016
521890;0;2016
521900;0;2016
521910;0;2016
521920;0;2016
521925;0;2016
521930;0;2016
521935;0;2016
521940;0;2016
521945;0;2016
521950;0;2016
521960;0;2016
521970;0;2016
521971;0;2016
521973;0;2016
521975;1;2016
521980;0;2016
521990;0;2016
522000;0;2016
522005;0;2016
522010;0;2016
522015;0;2016
522020;0;2016
522026;0;2016
522028;0;2016
522040;0;2016
522045;0;2016
522050;0;2016
522060;0;2016
522068;0;2016
522070;0;2016
522100;0;2016
522108;0;2016
522119;0;2016
522130;0;2016
522140;2;2016
522145;0;2016
522150;0;2016
522155;0;2016
522157;0;2016
522160;0;2016
522170;0;2016
522180;0;2016
522185;0;2016
522190;0;2016
522200;0;2016
522205;0;2016
522220;0;2016
522230;0;2016
530010;7;2016
