cod_id;date;population
110001;2016;326
110002;2016;1662
110003;2016;73
110004;2016;1338
110005;2016;263
110006;2016;223
110007;2016;139
110008;2016;213
110009;2016;486
110010;2016;884
110011;2016;807
110012;2016;1976
110013;2016;398
110014;2016;276
110015;2016;582
110018;2016;601
110020;2016;8611
110025;2016;276
110026;2016;35
110028;2016;855
110029;2016;114
110030;2016;1427
110032;2016;337
110033;2016;411
110034;2016;166
110037;2016;168
110040;2016;220
110045;2016;624
110050;2016;95
110060;2016;67
110070;2016;162
110080;2016;372
110090;2016;55
110092;2016;153
110094;2016;241
110100;2016;112
110110;2016;129
110120;2016;93
110130;2016;148
110140;2016;173
110143;2016;90
110145;2016;50
110146;2016;34
110147;2016;56
110148;2016;54
110149;2016;305
110150;2016;171
110155;2016;59
110160;2016;131
110170;2016;151
110175;2016;110
110180;2016;98
120001;2016;222
120005;2016;190
120010;2016;490
120013;2016;248
120017;2016;194
120020;2016;1632
120025;2016;270
120030;2016;834
120032;2016;263
120033;2016;325
120034;2016;236
120035;2016;352
120038;2016;339
120039;2016;230
120040;2016;6614
120042;2016;304
120043;2016;95
120045;2016;410
120050;2016;762
120060;2016;1078
120070;2016;329
120080;2016;356
130002;2016;325
130006;2016;280
130008;2016;182
130010;2016;266
130014;2016;211
130020;2016;380
130030;2016;890
130040;2016;496
130050;2016;810
130060;2016;1021
130063;2016;510
130068;2016;312
130070;2016;653
130080;2016;663
130083;2016;183
130090;2016;217
130100;2016;625
130110;2016;481
130115;2016;199
130120;2016;1646
130130;2016;404
130140;2016;787
130150;2016;369
130160;2016;573
130165;2016;284
130170;2016;977
130180;2016;389
130185;2016;928
130190;2016;2028
130195;2016;263
130200;2016;187
130210;2016;150
130220;2016;175
130230;2016;604
130240;2016;652
130250;2016;1795
130255;2016;253
130260;2016;39603
130270;2016;911
130280;2016;358
130290;2016;1273
130300;2016;338
130310;2016;587
130320;2016;289
130330;2016;386
130340;2016;1932
130350;2016;348
130353;2016;548
130356;2016;415
130360;2016;305
130370;2016;693
130380;2016;1255
130390;2016;871
130395;2016;178
130400;2016;208
130406;2016;1753
130410;2016;389
130420;2016;1679
130423;2016;363
130426;2016;264
130430;2016;265
130440;2016;299
140002;2016;331
140005;2016;620
140010;2016;6749
140015;2016;365
140017;2016;315
140020;2016;381
140023;2016;145
140028;2016;138
140030;2016;308
140040;2016;428
140045;2016;357
140047;2016;542
140050;2016;104
140060;2016;83
140070;2016;509
150010;2016;2532
150013;2016;117
150020;2016;996
150030;2016;911
150034;2016;163
150040;2016;1031
150050;2016;739
150060;2016;2846
150070;2016;819
150080;2016;8011
150085;2016;575
150090;2016;954
150095;2016;395
150100;2016;205
150110;2016;562
150120;2016;567
150125;2016;37
150130;2016;2148
150140;2016;19250
150145;2016;241
150150;2016;950
150157;2016;248
150160;2016;182
150170;2016;2126
150172;2016;272
150175;2016;79
150178;2016;766
150180;2016;2541
150190;2016;504
150195;2016;344
150200;2016;339
150210;2016;2406
150215;2016;1380
150220;2016;1050
150230;2016;807
150240;2016;3129
150250;2016;370
150260;2016;199
150270;2016;758
150275;2016;500
150276;2016;158
150277;2016;328
150280;2016;698
150285;2016;208
150290;2016;527
150293;2016;692
150295;2016;409
150300;2016;121
150304;2016;327
150307;2016;411
150309;2016;463
150310;2016;736
150320;2016;550
150330;2016;1055
150340;2016;162
150345;2016;596
150350;2016;437
150360;2016;2003
150370;2016;840
150375;2016;587
150380;2016;794
150390;2016;1140
150400;2016;456
150405;2016;591
150410;2016;97
150420;2016;4751
150430;2016;383
150440;2016;329
150442;2016;1794
150445;2016;432
150450;2016;537
150460;2016;506
150470;2016;1204
150480;2016;1138
150490;2016;605
150495;2016;445
150497;2016;217
150500;2016;165
150503;2016;553
150506;2016;1211
150510;2016;985
150520;2016;649
150530;2016;1399
150540;2016;281
150543;2016;630
150548;2016;752
150549;2016;89
150550;2016;2001
150553;2016;4644
150555;2016;121
150560;2016;103
150563;2016;141
150565;2016;285
150570;2016;352
150580;2016;1461
150590;2016;743
150600;2016;722
150610;2016;172
150611;2016;168
150613;2016;1627
150616;2016;274
150618;2016;676
150619;2016;369
150620;2016;655
150630;2016;381
150635;2016;354
150640;2016;78
150650;2016;996
150655;2016;376
150658;2016;143
150660;2016;372
150670;2016;572
150680;2016;6491
150690;2016;105
150700;2016;444
150710;2016;226
150715;2016;339
150720;2016;511
150730;2016;1046
150740;2016;227
150745;2016;463
150746;2016;81
150747;2016;340
150750;2016;216
150760;2016;932
150770;2016;551
150775;2016;86
150780;2016;257
150790;2016;382
150795;2016;1562
150796;2016;174
150797;2016;273
150800;2016;1518
150803;2016;537
150805;2016;227
150808;2016;631
150810;2016;2119
150812;2016;493
150815;2016;736
150820;2016;753
150830;2016;1158
150835;2016;396
150840;2016;904
160005;2016;67
160010;2016;133
160015;2016;252
160020;2016;176
160021;2016;89
160023;2016;180
160025;2016;99
160027;2016;783
160030;2016;9478
160040;2016;460
160050;2016;559
160053;2016;369
160055;2016;66
160060;2016;2253
160070;2016;311
160080;2016;246
170025;2016;36
170030;2016;85
170035;2016;68
170040;2016;113
170070;2016;98
170100;2016;156
170105;2016;48
170110;2016;69
170130;2016;67
170190;2016;95
170200;2016;93
170210;2016;3086
170215;2016;87
170220;2016;538
170230;2016;97
170240;2016;156
170255;2016;316
170270;2016;41
170290;2016;192
170300;2016;108
170305;2016;34
170307;2016;93
170310;2016;72
170320;2016;67
170330;2016;77
170360;2016;26
170370;2016;81
170380;2016;132
170382;2016;25
170384;2016;150
170386;2016;57
170388;2016;32
170389;2016;65
170390;2016;79
170410;2016;28
170460;2016;13
170510;2016;37
170550;2016;576
170555;2016;45
170560;2016;53
170600;2016;72
170610;2016;82
170625;2016;23
170650;2016;78
170700;2016;286
170710;2016;110
170720;2016;72
170730;2016;51
170740;2016;141
170755;2016;64
170765;2016;71
170770;2016;116
170820;2016;260
170825;2016;49
170830;2016;40
170900;2016;259
170930;2016;377
170950;2016;1294
170980;2016;31
171050;2016;124
171070;2016;69
171090;2016;52
171110;2016;38
171150;2016;33
171180;2016;40
171190;2016;222
171195;2016;64
171200;2016;56
171215;2016;19
171240;2016;41
171245;2016;50
171250;2016;56
171270;2016;38
171280;2016;25
171320;2016;311
171330;2016;194
171360;2016;87
171370;2016;28
171380;2016;82
171395;2016;46
171420;2016;117
171430;2016;48
171488;2016;179
171500;2016;41
171510;2016;70
171515;2016;20
171525;2016;34
171550;2016;26
171570;2016;65
171575;2016;79
171610;2016;851
171620;2016;146
171630;2016;69
171650;2016;252
171660;2016;130
171665;2016;68
171670;2016;102
171700;2016;43
171720;2016;32
171750;2016;91
171780;2016;58
171790;2016;126
171800;2016;54
171820;2016;1103
171830;2016;126
171840;2016;51
171845;2016;40
171850;2016;53
171855;2016;67
171865;2016;38
171870;2016;36
171875;2016;60
171880;2016;84
171884;2016;43
171886;2016;115
171888;2016;39
171889;2016;24
171890;2016;83
171900;2016;42
172000;2016;35
172010;2016;74
172015;2016;22
172020;2016;167
172025;2016;39
172030;2016;78
172049;2016;45
172065;2016;73
172080;2016;147
172085;2016;33
172090;2016;173
172093;2016;26
172097;2016;31
172100;2016;4855
172110;2016;166
172120;2016;392
172125;2016;22
172130;2016;30
172208;2016;132
172210;2016;182
210005;2016;1920
210010;2016;108
210015;2016;164
210020;2016;174
210030;2016;392
210040;2016;83
210043;2016;439
210047;2016;474
210050;2016;170
210055;2016;130
210060;2016;739
210070;2016;346
210080;2016;256
210083;2016;308
210087;2016;188
210090;2016;555
210095;2016;524
210100;2016;482
210110;2016;190
210120;2016;1476
210125;2016;292
210130;2016;240
210135;2016;68
210140;2016;1998
210150;2016;273
210160;2016;1439
210170;2016;1284
210173;2016;173
210177;2016;194
210180;2016;73
210190;2016;266
210193;2016;54
210197;2016;160
210200;2016;640
210203;2016;600
210207;2016;142
210210;2016;470
210215;2016;103
210220;2016;513
210230;2016;376
210232;2016;1366
210235;2016;198
210237;2016;139
210240;2016;176
210250;2016;272
210255;2016;201
210260;2016;298
210270;2016;259
210275;2016;145
210280;2016;327
210290;2016;457
210300;2016;2559
210310;2016;114
210312;2016;93
210315;2016;190
210317;2016;296
210320;2016;1368
210325;2016;186
210330;2016;1947
210340;2016;716
210350;2016;719
210355;2016;252
210360;2016;1101
210370;2016;420
210375;2016;238
210380;2016;364
210390;2016;185
210400;2016;306
210405;2016;640
210407;2016;78
210408;2016;187
210409;2016;261
210410;2016;193
210420;2016;292
210430;2016;145
210440;2016;249
210450;2016;164
210455;2016;303
210460;2016;247
210462;2016;105
210465;2016;143
210467;2016;445
210470;2016;58
210480;2016;1587
210490;2016;158
210500;2016;510
210510;2016;396
210515;2016;245
210520;2016;144
210530;2016;4894
210535;2016;250
210540;2016;1140
210542;2016;346
210545;2016;134
210547;2016;338
210550;2016;448
210560;2016;233
210565;2016;119
210570;2016;883
210580;2016;160
210590;2016;263
210592;2016;126
210594;2016;130
210596;2016;201
210598;2016;99
210600;2016;226
210610;2016;165
210620;2016;101
210630;2016;199
210632;2016;336
210635;2016;101
210637;2016;183
210640;2016;328
210650;2016;382
210660;2016;449
210663;2016;116
210667;2016;102
210670;2016;316
210675;2016;302
210680;2016;230
210690;2016;624
210700;2016;150
210710;2016;326
210720;2016;197
210725;2016;90
210730;2016;27
210735;2016;237
210740;2016;264
210745;2016;177
210750;2016;1710
210760;2016;311
210770;2016;341
210780;2016;484
210790;2016;341
210800;2016;318
210805;2016;312
210810;2016;377
210820;2016;564
210825;2016;210
210830;2016;682
210840;2016;131
210845;2016;369
210850;2016;568
210860;2016;1461
210870;2016;425
210880;2016;280
210890;2016;236
210900;2016;420
210905;2016;78
210910;2016;794
210920;2016;207
210923;2016;100
210927;2016;395
210930;2016;210
210940;2016;196
210945;2016;478
210950;2016;381
210955;2016;134
210960;2016;634
210970;2016;66
210975;2016;55
210980;2016;520
210990;2016;1519
211000;2016;1156
211003;2016;381
211010;2016;428
211020;2016;541
211023;2016;119
211027;2016;175
211030;2016;260
211040;2016;345
211050;2016;473
211060;2016;428
211065;2016;129
211070;2016;583
211080;2016;39
211085;2016;152
211090;2016;147
211100;2016;267
211102;2016;228
211105;2016;161
211107;2016;294
211110;2016;390
211120;2016;3229
211125;2016;93
211130;2016;15930
211140;2016;301
211150;2016;673
211153;2016;168
211157;2016;88
211160;2016;337
211163;2016;76
211167;2016;57
211170;2016;252
211172;2016;115
211174;2016;177
211176;2016;287
211178;2016;140
211180;2016;273
211190;2016;154
211195;2016;71
211200;2016;136
211210;2016;494
211220;2016;2805
211223;2016;313
211227;2016;109
211230;2016;493
211240;2016;708
211245;2016;344
211250;2016;907
211260;2016;621
211270;2016;860
211280;2016;1018
211285;2016;161
211290;2016;522
211300;2016;461
211400;2016;803
220005;2016;85
220010;2016;73
220020;2016;278
220025;2016;85
220027;2016;54
220030;2016;126
220040;2016;604
220045;2016;80
220050;2016;304
220060;2016;115
220070;2016;142
220080;2016;45
220090;2016;86
220095;2016;19
220100;2016;46
220105;2016;116
220110;2016;170
220115;2016;208
220117;2016;58
220120;2016;731
220130;2016;35
220140;2016;94
220150;2016;365
220155;2016;51
220157;2016;36
220160;2016;127
220170;2016;75
220173;2016;118
220177;2016;82
220180;2016;46
220190;2016;488
220191;2016;75
220192;2016;103
220194;2016;85
220196;2016;100
220198;2016;51
220200;2016;289
220202;2016;71
220205;2016;119
220207;2016;43
220208;2016;118
220209;2016;64
220210;2016;49
220211;2016;58
220213;2016;94
220217;2016;107
220220;2016;560
220225;2016;31
220230;2016;282
220240;2016;149
220245;2016;62
220250;2016;180
220253;2016;80
220255;2016;60
220260;2016;268
220265;2016;101
220270;2016;402
220271;2016;75
220272;2016;62
220273;2016;51
220275;2016;92
220277;2016;86
220280;2016;69
220285;2016;65
220290;2016;410
220300;2016;101
220310;2016;167
220320;2016;208
220323;2016;80
220325;2016;51
220327;2016;71
220330;2016;222
220335;2016;98
220340;2016;92
220342;2016;52
220345;2016;77
220350;2016;151
220360;2016;50
220370;2016;651
220375;2016;63
220380;2016;70
220385;2016;17
220390;2016;936
220400;2016;60
220410;2016;64
220415;2016;29
220420;2016;88
220430;2016;146
220435;2016;72
220440;2016;185
220450;2016;171
220455;2016;72
220460;2016;47
220465;2016;139
220470;2016;191
220480;2016;107
220490;2016;111
220500;2016;111
220510;2016;136
220515;2016;77
220520;2016;270
220525;2016;39
220527;2016;48
220530;2016;73
220535;2016;42
220540;2016;195
220545;2016;83
220550;2016;558
220551;2016;57
220552;2016;76
220553;2016;64
220554;2016;50
220555;2016;113
220556;2016;65
220557;2016;71
220558;2016;56
220559;2016;66
220560;2016;57
220570;2016;439
220580;2016;343
220585;2016;112
220590;2016;75
220595;2016;122
220600;2016;53
220605;2016;71
220610;2016;152
220620;2016;514
220630;2016;16
220635;2016;55
220640;2016;134
220650;2016;82
220660;2016;172
220665;2016;71
220667;2016;117
220669;2016;110
220670;2016;76
220672;2016;159
220675;2016;47
220680;2016;171
220690;2016;70
220695;2016;39
220700;2016;430
220710;2016;43
220720;2016;88
220730;2016;77
220735;2016;28
220740;2016;76
220750;2016;205
220755;2016;31
220760;2016;166
220770;2016;2319
220775;2016;55
220777;2016;56
220779;2016;46
220780;2016;331
220785;2016;42
220790;2016;515
220793;2016;25
220795;2016;62
220800;2016;1078
220810;2016;132
220820;2016;237
220830;2016;438
220840;2016;955
220850;2016;213
220855;2016;33
220860;2016;43
220865;2016;96
220870;2016;122
220880;2016;261
220885;2016;65
220887;2016;50
220890;2016;120
220900;2016;70
220910;2016;79
220915;2016;57
220920;2016;95
220930;2016;66
220935;2016;36
220937;2016;50
220940;2016;88
220945;2016;32
220950;2016;41
220955;2016;72
220960;2016;22
220965;2016;80
220970;2016;65
220975;2016;27
220980;2016;65
220985;2016;47
220987;2016;72
220990;2016;72
220995;2016;57
220997;2016;113
221000;2016;328
221005;2016;60
221010;2016;42
221020;2016;75
221030;2016;73
221035;2016;57
221037;2016;34
221038;2016;23
221039;2016;29
221040;2016;223
221050;2016;202
221060;2016;567
221062;2016;46
221063;2016;53
221065;2016;100
221070;2016;232
221080;2016;194
221090;2016;46
221093;2016;90
221095;2016;46
221097;2016;34
221100;2016;13474
221110;2016;634
221120;2016;420
221130;2016;326
221135;2016;78
221140;2016;52
221150;2016;31
221160;2016;40
221170;2016;34
230010;2016;120
230015;2016;226
230020;2016;1010
230030;2016;584
230040;2016;172
230050;2016;118
230060;2016;112
230070;2016;217
230075;2016;689
230080;2016;79
230090;2016;133
230100;2016;1123
230110;2016;1046
230120;2016;395
230125;2016;115
230130;2016;354
230140;2016;152
230150;2016;84
230160;2016;271
230170;2016;306
230180;2016;50
230185;2016;291
230190;2016;1126
230195;2016;299
230200;2016;210
230205;2016;243
230210;2016;481
230220;2016;672
230230;2016;387
230240;2016;613
230250;2016;699
230260;2016;944
230270;2016;379
230280;2016;1056
230290;2016;228
230300;2016;226
230310;2016;207
230320;2016;391
230330;2016;198
230340;2016;234
230350;2016;978
230360;2016;128
230365;2016;78
230370;2016;5044
230380;2016;278
230390;2016;193
230393;2016;191
230395;2016;263
230400;2016;280
230410;2016;954
230420;2016;2143
230423;2016;192
230425;2016;415
230426;2016;83
230427;2016;15
230428;2016;1250
230430;2016;210
230435;2016;265
230440;2016;37451
230445;2016;177
230450;2016;207
230460;2016;88
230465;2016;187
230470;2016;729
230480;2016;63
230490;2016;120
230495;2016;353
230500;2016;626
230510;2016;75
230520;2016;181
230523;2016;1118
230526;2016;213
230530;2016;360
230533;2016;141
230535;2016;244
230540;2016;841
230550;2016;1256
230560;2016;260
230565;2016;140
230570;2016;125
230580;2016;555
230590;2016;453
230600;2016;182
230610;2016;304
230620;2016;97
230625;2016;624
230630;2016;702
230640;2016;1988
230650;2016;225
230655;2016;627
230660;2016;277
230670;2016;169
230680;2016;145
230690;2016;392
230700;2016;440
230710;2016;450
230720;2016;142
230725;2016;306
230730;2016;4191
230740;2016;307
230750;2016;371
230760;2016;770
230763;2016;194
230765;2016;4398
230770;2016;1564
230780;2016;496
230790;2016;144
230800;2016;484
230810;2016;662
230820;2016;176
230830;2016;362
230835;2016;159
230837;2016;175
230840;2016;547
230850;2016;476
230860;2016;239
230870;2016;720
230880;2016;94
230890;2016;251
230900;2016;163
230910;2016;132
230920;2016;247
230930;2016;351
230940;2016;362
230945;2016;275
230950;2016;287
230960;2016;865
230970;2016;962
230980;2016;163
230990;2016;64
231000;2016;111
231010;2016;110
231020;2016;616
231025;2016;432
231030;2016;400
231040;2016;129
231050;2016;497
231060;2016;182
231070;2016;443
231080;2016;202
231085;2016;306
231090;2016;159
231095;2016;91
231100;2016;184
231110;2016;238
231120;2016;122
231123;2016;66
231126;2016;214
231130;2016;1277
231135;2016;163
231140;2016;1074
231150;2016;264
231160;2016;376
231170;2016;211
231180;2016;916
231190;2016;194
231195;2016;257
231200;2016;384
231210;2016;228
231220;2016;297
231230;2016;775
231240;2016;943
231250;2016;81
231260;2016;174
231270;2016;303
231280;2016;98
231290;2016;3288
231300;2016;204
231310;2016;373
231320;2016;284
231325;2016;96
231330;2016;760
231335;2016;274
231340;2016;1420
231350;2016;784
231355;2016;287
231360;2016;548
231370;2016;65
231375;2016;267
231380;2016;355
231390;2016;149
231395;2016;273
231400;2016;486
231410;2016;931
240010;2016;109
240020;2016;776
240030;2016;116
240040;2016;40
240050;2016;185
240060;2016;64
240070;2016;147
240080;2016;136
240090;2016;77
240100;2016;407
240110;2016;325
240120;2016;207
240130;2016;81
240140;2016;110
240145;2016;394
240150;2016;40
240160;2016;68
240165;2016;32
240170;2016;112
240180;2016;182
240185;2016;81
240190;2016;59
240200;2016;699
240210;2016;137
240220;2016;505
240230;2016;223
240240;2016;68
240250;2016;102
240260;2016;1060
240270;2016;128
240280;2016;70
240290;2016;67
240300;2016;75
240310;2016;456
240320;2016;103
240325;2016;3811
240330;2016;81
240340;2016;61
240350;2016;94
240360;2016;564
240370;2016;74
240375;2016;30
240380;2016;97
240390;2016;32
240400;2016;54
240410;2016;34
240420;2016;477
240430;2016;137
240440;2016;129
240450;2016;258
240460;2016;148
240470;2016;208
240480;2016;15
240485;2016;113
240490;2016;76
240500;2016;112
240510;2016;86
240520;2016;59
240530;2016;124
240540;2016;116
240550;2016;24
240560;2016;168
240570;2016;94
240580;2016;512
240590;2016;26
240600;2016;68
240610;2016;200
240615;2016;17
240620;2016;91
240630;2016;105
240640;2016;42
240650;2016;236
240660;2016;132
240670;2016;100
240680;2016;56
240690;2016;33
240700;2016;142
240710;2016;929
240720;2016;354
240725;2016;56
240730;2016;80
240740;2016;87
240750;2016;139
240760;2016;52
240770;2016;146
240780;2016;297
240790;2016;48
240800;2016;3760
240810;2016;11517
240820;2016;405
240830;2016;460
240840;2016;20
240850;2016;60
240860;2016;62
240870;2016;37
240880;2016;94
240890;2016;311
240895;2016;154
240910;2016;146
240920;2016;40
240930;2016;162
240933;2016;71
240940;2016;393
240950;2016;46
240960;2016;33
240970;2016;72
240980;2016;199
240990;2016;130
241000;2016;33
241010;2016;147
241020;2016;109
241025;2016;83
241030;2016;141
241040;2016;103
241050;2016;51
241060;2016;19
241070;2016;34
241080;2016;48
241090;2016;101
241100;2016;58
241105;2016;80
241110;2016;33
241120;2016;612
241140;2016;110
241142;2016;26
241150;2016;326
241160;2016;35
241170;2016;41
241180;2016;29
241190;2016;82
241200;2016;1566
241210;2016;66
241220;2016;745
241230;2016;137
241240;2016;38
241250;2016;354
241255;2016;70
241260;2016;220
241270;2016;66
241280;2016;96
241290;2016;121
241300;2016;54
241310;2016;89
241320;2016;66
241330;2016;76
241335;2016;166
241340;2016;79
241350;2016;78
241355;2016;43
241360;2016;86
241370;2016;56
241380;2016;27
241390;2016;159
241400;2016;217
241410;2016;124
241415;2016;93
241420;2016;248
241430;2016;19
241440;2016;418
241445;2016;48
241450;2016;94
241460;2016;157
241470;2016;65
241475;2016;47
241480;2016;165
241490;2016;26
241500;2016;48
250010;2016;136
250020;2016;66
250030;2016;337
250040;2016;329
250050;2016;240
250053;2016;131
250057;2016;58
250060;2016;408
250070;2016;192
250073;2016;38
250077;2016;95
250080;2016;211
250090;2016;112
250100;2016;188
250110;2016;355
250115;2016;31
250120;2016;106
250130;2016;282
250135;2016;60
250140;2016;138
250150;2016;290
250153;2016;47
250157;2016;114
250160;2016;138
250170;2016;66
250180;2016;1238
250190;2016;208
250200;2016;87
250205;2016;55
250210;2016;86
250215;2016;89
250220;2016;41
250230;2016;49
250240;2016;134
250250;2016;245
250260;2016;67
250270;2016;58
250280;2016;174
250290;2016;99
250300;2016;439
250310;2016;48
250320;2016;948
250330;2016;129
250340;2016;52
250350;2016;208
250355;2016;129
250360;2016;96
250370;2016;849
250375;2016;42
250380;2016;83
250390;2016;73
250400;2016;6070
250403;2016;108
250407;2016;57
250410;2016;18
250415;2016;97
250420;2016;68
250430;2016;399
250435;2016;77
250440;2016;242
250450;2016;81
250460;2016;502
250470;2016;104
250480;2016;209
250485;2016;21
250490;2016;287
250500;2016;93
250510;2016;243
250520;2016;131
250523;2016;92
250527;2016;71
250530;2016;24
250535;2016;52
250540;2016;130
250550;2016;52
250560;2016;74
250570;2016;147
250580;2016;51
250590;2016;40
250600;2016;489
250610;2016;163
250620;2016;21
250625;2016;123
250630;2016;834
250640;2016;200
250650;2016;45
250660;2016;70
250670;2016;175
250680;2016;251
250690;2016;348
250700;2016;311
250710;2016;267
250720;2016;141
250730;2016;205
250740;2016;88
250750;2016;11706
250760;2016;88
250770;2016;243
250780;2016;92
250790;2016;191
250800;2016;117
250810;2016;44
250820;2016;96
250830;2016;390
250840;2016;48
250850;2016;97
250855;2016;45
250860;2016;219
250870;2016;52
250880;2016;69
250890;2016;706
250900;2016;147
250905;2016;161
250910;2016;268
250915;2016;74
250920;2016;171
250930;2016;163
250933;2016;70
250937;2016;30
250939;2016;93
250940;2016;194
250950;2016;68
250960;2016;62
250970;2016;457
250980;2016;155
250990;2016;98
251000;2016;87
251010;2016;147
251020;2016;85
251030;2016;45
251040;2016;75
251050;2016;48
251060;2016;28
251065;2016;15
251070;2016;29
251080;2016;1383
251090;2016;156
251100;2016;60
251110;2016;78
251120;2016;509
251130;2016;149
251140;2016;262
251150;2016;157
251160;2016;139
251170;2016;76
251180;2016;117
251190;2016;306
251200;2016;277
251203;2016;71
251207;2016;41
251210;2016;399
251220;2016;54
251230;2016;270
251240;2016;201
251250;2016;741
251260;2016;26
251270;2016;277
251272;2016;64
251274;2016;43
251275;2016;76
251276;2016;52
251278;2016;26
251280;2016;127
251290;2016;358
251300;2016;39
251310;2016;141
251315;2016;80
251320;2016;78
251330;2016;71
251335;2016;49
251340;2016;177
251350;2016;64
251360;2016;84
251365;2016;32
251370;2016;2561
251380;2016;70
251385;2016;23
251390;2016;381
251392;2016;42
251394;2016;34
251396;2016;38
251398;2016;46
251400;2016;58
251410;2016;57
251420;2016;89
251430;2016;88
251440;2016;50
251445;2016;92
251450;2016;268
251455;2016;27
251460;2016;48
251465;2016;20
251470;2016;35
251480;2016;39
251490;2016;79
251500;2016;92
251510;2016;164
251520;2016;50
251530;2016;529
251540;2016;145
251550;2016;168
251560;2016;30
251570;2016;40
251580;2016;79
251590;2016;70
251593;2016;72
251597;2016;104
251600;2016;390
251610;2016;169
251615;2016;51
251620;2016;883
251630;2016;246
251640;2016;89
251650;2016;189
251660;2016;188
251670;2016;208
251675;2016;42
251680;2016;85
251690;2016;170
251700;2016;117
251710;2016;29
251720;2016;59
251740;2016;32
260005;2016;1487
260010;2016;580
260020;2016;284
260030;2016;323
260040;2016;491
260050;2016;672
260060;2016;191
260070;2016;457
260080;2016;235
260090;2016;312
260100;2016;144
260105;2016;289
260110;2016;1497
260120;2016;1017
260130;2016;148
260140;2016;721
260150;2016;148
260160;2016;338
260170;2016;1045
260180;2016;151
260190;2016;677
260200;2016;551
260210;2016;564
260220;2016;392
260230;2016;601
260240;2016;161
260250;2016;82
260260;2016;607
260270;2016;175
260280;2016;834
260290;2016;3024
260300;2016;512
260310;2016;229
260320;2016;381
260330;2016;147
260340;2016;89
260345;2016;2279
260350;2016;224
260360;2016;106
260370;2016;346
260380;2016;287
260390;2016;257
260392;2016;279
260400;2016;949
260410;2016;5085
260415;2016;141
260420;2016;549
260430;2016;166
260440;2016;212
260450;2016;285
260460;2016;385
260470;2016;220
260480;2016;196
260490;2016;143
260500;2016;354
260510;2016;468
260515;2016;223
260520;2016;1015
260530;2016;434
260540;2016;304
260545;2016;26
260550;2016;163
260560;2016;227
260570;2016;430
260580;2016;133
260590;2016;362
260600;2016;2179
260610;2016;356
260620;2016;1151
260630;2016;109
260640;2016;1060
260650;2016;249
260660;2016;423
260670;2016;82
260680;2016;1563
260690;2016;132
260700;2016;336
260710;2016;65
260720;2016;1562
260730;2016;563
260740;2016;80
260750;2016;325
260760;2016;317
260765;2016;437
260770;2016;187
260775;2016;366
260780;2016;209
260790;2016;8880
260795;2016;238
260800;2016;217
260805;2016;213
260810;2016;306
260820;2016;266
260825;2016;182
260830;2016;246
260840;2016;215
260845;2016;216
260850;2016;334
260860;2016;160
260870;2016;176
260875;2016;357
260880;2016;642
260890;2016;741
260900;2016;364
260910;2016;177
260915;2016;253
260920;2016;175
260930;2016;252
260940;2016;733
260950;2016;433
260960;2016;5612
260970;2016;253
260980;2016;279
260990;2016;1059
261000;2016;1339
261010;2016;110
261020;2016;379
261030;2016;234
261040;2016;335
261050;2016;358
261060;2016;797
261070;2016;3976
261080;2016;236
261090;2016;904
261100;2016;669
261110;2016;6242
261120;2016;143
261130;2016;357
261140;2016;173
261150;2016;335
261153;2016;91
261160;2016;21413
261170;2016;250
261180;2016;514
261190;2016;345
261200;2016;124
261210;2016;78
261220;2016;991
261230;2016;236
261240;2016;271
261245;2016;224
261247;2016;181
261250;2016;1225
261255;2016;192
261260;2016;747
261270;2016;205
261280;2016;140
261290;2016;159
261300;2016;627
261310;2016;513
261320;2016;350
261330;2016;327
261340;2016;356
261350;2016;468
261360;2016;434
261370;2016;1695
261380;2016;282
261390;2016;1312
261400;2016;258
261410;2016;387
261420;2016;604
261430;2016;138
261440;2016;77
261450;2016;847
261460;2016;390
261470;2016;145
261480;2016;292
261485;2016;396
261500;2016;292
261510;2016;106
261520;2016;124
261530;2016;709
261540;2016;500
261550;2016;187
261560;2016;527
261570;2016;172
261580;2016;293
261590;2016;104
261600;2016;200
261610;2016;134
261618;2016;115
261620;2016;311
261630;2016;360
261640;2016;1967
261650;2016;221
270010;2016;278
270020;2016;210
270030;2016;3779
270040;2016;627
270050;2016;297
270060;2016;160
270070;2016;261
270080;2016;83
270090;2016;95
270100;2016;356
270110;2016;186
270120;2016;136
270130;2016;348
270135;2016;70
270140;2016;495
270150;2016;147
270160;2016;231
270170;2016;240
270180;2016;135
270190;2016;84
270200;2016;147
270210;2016;283
270220;2016;84
270230;2016;851
270235;2016;395
270240;2016;794
270250;2016;114
270255;2016;224
270260;2016;280
270270;2016;75
270280;2016;210
270290;2016;508
270300;2016;252
270310;2016;328
270320;2016;334
270330;2016;311
270340;2016;89
270350;2016;59
270360;2016;142
270370;2016;81
270375;2016;127
270380;2016;320
270390;2016;59
270400;2016;370
270410;2016;285
270420;2016;298
270430;2016;14107
270440;2016;240
270450;2016;488
270460;2016;117
270470;2016;847
270480;2016;169
270490;2016;34
270500;2016;297
270510;2016;399
270520;2016;264
270530;2016;85
270540;2016;103
270550;2016;448
270560;2016;146
270570;2016;344
270580;2016;112
270590;2016;100
270600;2016;182
270610;2016;169
270620;2016;79
270630;2016;1142
270640;2016;417
270642;2016;165
270644;2016;238
270650;2016;214
270660;2016;92
270670;2016;961
270680;2016;298
270690;2016;571
270700;2016;35
270710;2016;425
270720;2016;218
270730;2016;452
270740;2016;123
270750;2016;308
270760;2016;196
270770;2016;1202
270780;2016;113
270790;2016;103
270800;2016;749
270810;2016;189
270820;2016;94
270830;2016;339
270840;2016;502
270850;2016;558
270860;2016;815
270870;2016;115
270880;2016;464
270890;2016;229
270895;2016;209
270900;2016;69
270910;2016;273
270915;2016;582
270920;2016;358
270930;2016;974
270940;2016;403
280010;2016;39
280020;2016;253
280030;2016;8867
280040;2016;138
280050;2016;244
280060;2016;495
280067;2016;283
280070;2016;134
280100;2016;220
280110;2016;71
280120;2016;570
280130;2016;517
280140;2016;251
280150;2016;262
280160;2016;75
280170;2016;301
280190;2016;51
280200;2016;62
280210;2016;1027
280220;2016;84
280230;2016;208
280240;2016;139
280250;2016;41
280260;2016;88
280270;2016;131
280280;2016;272
280290;2016;1271
280300;2016;608
280310;2016;59
280320;2016;542
280330;2016;219
280340;2016;198
280350;2016;1374
280360;2016;428
280370;2016;96
280380;2016;70
280390;2016;181
280400;2016;260
280410;2016;116
280420;2016;224
280430;2016;89
280440;2016;278
280445;2016;104
280450;2016;539
280460;2016;319
280470;2016;97
280480;2016;3068
280490;2016;238
280500;2016;39
280510;2016;117
280520;2016;72
280530;2016;151
280540;2016;480
280550;2016;270
280560;2016;350
280570;2016;473
280580;2016;250
280590;2016;149
280600;2016;166
280610;2016;195
280620;2016;276
280630;2016;199
280640;2016;106
280650;2016;72
280660;2016;175
280670;2016;1330
280680;2016;128
280690;2016;44
280700;2016;43
280710;2016;601
280720;2016;89
280730;2016;35
280740;2016;623
280750;2016;175
280760;2016;409
290010;2016;49
290020;2016;258
290030;2016;172
290035;2016;140
290040;2016;174
290050;2016;118
290060;2016;59
290070;2016;2428
290080;2016;299
290090;2016;73
290100;2016;462
290110;2016;228
290115;2016;252
290120;2016;228
290130;2016;145
290135;2016;177
290140;2016;193
290150;2016;80
290160;2016;142
290170;2016;136
290180;2016;116
290190;2016;210
290195;2016;81
290200;2016;159
290205;2016;185
290210;2016;708
290220;2016;142
290225;2016;131
290230;2016;127
290240;2016;208
290250;2016;172
290260;2016;221
290265;2016;174
290270;2016;868
290280;2016;417
290290;2016;560
290300;2016;185
290310;2016;65
290320;2016;2570
290323;2016;163
290327;2016;193
290330;2016;95
290340;2016;284
290350;2016;216
290360;2016;196
290370;2016;164
290380;2016;247
290390;2016;1142
290395;2016;127
290400;2016;152
290405;2016;233
290410;2016;266
290420;2016;136
290430;2016;150
290440;2016;78
290450;2016;126
290460;2016;849
290470;2016;245
290475;2016;286
290480;2016;84
290485;2016;236
290490;2016;424
290500;2016;303
290510;2016;119
290515;2016;132
290520;2016;697
290530;2016;274
290540;2016;301
290550;2016;195
290560;2016;380
290570;2016;4228
290580;2016;553
290590;2016;450
290600;2016;1148
290610;2016;134
290620;2016;357
290630;2016;496
290640;2016;97
290650;2016;1017
290660;2016;137
290670;2016;360
290680;2016;476
290682;2016;209
290685;2016;96
290687;2016;493
290689;2016;98
290690;2016;278
290700;2016;118
290710;2016;448
290720;2016;997
290730;2016;318
290740;2016;45
290750;2016;595
290755;2016;113
290760;2016;212
290770;2016;155
290780;2016;337
290790;2016;273
290800;2016;255
290810;2016;231
290820;2016;207
290830;2016;180
290840;2016;1048
290850;2016;370
290860;2016;318
290870;2016;212
290880;2016;38
290890;2016;261
290900;2016;87
290910;2016;178
290920;2016;191
290930;2016;431
290940;2016;154
290950;2016;67
290960;2016;274
290970;2016;151
290980;2016;797
290990;2016;477
291000;2016;170
291005;2016;1191
291010;2016;133
291020;2016;58
291030;2016;67
291040;2016;275
291050;2016;558
291060;2016;457
291070;2016;745
291072;2016;1786
291075;2016;198
291077;2016;51
291080;2016;10222
291085;2016;251
291090;2016;62
291100;2016;130
291110;2016;459
291120;2016;450
291125;2016;45
291130;2016;124
291140;2016;230
291150;2016;89
291160;2016;246
291165;2016;89
291170;2016;1180
291180;2016;204
291185;2016;112
291190;2016;400
291200;2016;95
291210;2016;261
291220;2016;310
291230;2016;155
291240;2016;213
291250;2016;162
291260;2016;63
291270;2016;390
291280;2016;131
291290;2016;315
291300;2016;176
291310;2016;234
291320;2016;425
291330;2016;40
291340;2016;175
291345;2016;208
291350;2016;322
291360;2016;2391
291370;2016;452
291380;2016;168
291390;2016;654
291400;2016;777
291410;2016;88
291420;2016;82
291430;2016;93
291440;2016;373
291450;2016;360
291460;2016;1277
291465;2016;490
291470;2016;914
291480;2016;2846
291490;2016;328
291500;2016;199
291510;2016;192
291520;2016;190
291530;2016;77
291535;2016;183
291540;2016;84
291550;2016;244
291560;2016;1064
291570;2016;91
291580;2016;250
291590;2016;79
291600;2016;196
291610;2016;271
291620;2016;104
291630;2016;153
291640;2016;1063
291650;2016;367
291660;2016;117
291670;2016;101
291680;2016;210
291685;2016;207
291690;2016;135
291700;2016;445
291710;2016;128
291720;2016;241
291730;2016;320
291733;2016;112
291735;2016;128
291740;2016;129
291750;2016;1270
291760;2016;705
291770;2016;422
291780;2016;202
291790;2016;137
291800;2016;2381
291810;2016;461
291820;2016;141
291830;2016;154
291835;2016;387
291840;2016;4073
291845;2016;100
291850;2016;205
291855;2016;94
291860;2016;68
291870;2016;44
291875;2016;144
291880;2016;288
291890;2016;56
291900;2016;42
291905;2016;98
291910;2016;80
291915;2016;421
291920;2016;3137
291930;2016;147
291940;2016;116
291950;2016;559
291955;2016;1692
291960;2016;181
291970;2016;207
291980;2016;487
291990;2016;97
291992;2016;353
291995;2016;92
292000;2016;102
292010;2016;169
292020;2016;287
292030;2016;108
292040;2016;200
292045;2016;86
292050;2016;363
292060;2016;469
292070;2016;227
292080;2016;105
292090;2016;174
292100;2016;800
292105;2016;162
292110;2016;308
292120;2016;338
292130;2016;123
292140;2016;178
292145;2016;86
292150;2016;648
292160;2016;111
292170;2016;524
292180;2016;100
292190;2016;156
292200;2016;646
292205;2016;199
292210;2016;207
292220;2016;93
292225;2016;165
292230;2016;341
292240;2016;319
292250;2016;359
292260;2016;178
292265;2016;181
292270;2016;145
292273;2016;90
292275;2016;73
292280;2016;132
292285;2016;102
292290;2016;310
292300;2016;653
292303;2016;113
292305;2016;110
292310;2016;306
292320;2016;254
292330;2016;83
292335;2016;257
292340;2016;255
292350;2016;150
292360;2016;205
292370;2016;458
292380;2016;273
292390;2016;187
292400;2016;1813
292405;2016;166
292410;2016;77
292420;2016;195
292430;2016;290
292440;2016;556
292450;2016;165
292460;2016;281
292465;2016;98
292467;2016;111
292470;2016;104
292480;2016;234
292490;2016;102
292500;2016;287
292510;2016;628
292520;2016;527
292525;2016;246
292530;2016;2573
292540;2016;110
292550;2016;419
292560;2016;163
292570;2016;161
292575;2016;399
292580;2016;330
292590;2016;312
292593;2016;110
292595;2016;280
292600;2016;706
292610;2016;191
292620;2016;273
292630;2016;397
292640;2016;389
292650;2016;187
292660;2016;742
292665;2016;84
292670;2016;160
292680;2016;129
292690;2016;107
292700;2016;430
292710;2016;172
292720;2016;400
292730;2016;149
292740;2016;35017
292750;2016;194
292760;2016;198
292770;2016;382
292780;2016;52
292790;2016;140
292800;2016;493
292805;2016;199
292810;2016;435
292820;2016;298
292830;2016;67
292840;2016;462
292850;2016;111
292860;2016;618
292870;2016;1397
292880;2016;738
292890;2016;501
292895;2016;93
292900;2016;179
292905;2016;235
292910;2016;204
292920;2016;659
292925;2016;257
292930;2016;369
292935;2016;98
292937;2016;111
292940;2016;130
292950;2016;510
292960;2016;253
292970;2016;205
292975;2016;102
292980;2016;108
292990;2016;551
293000;2016;103
293010;2016;1072
293015;2016;478
293020;2016;524
293030;2016;216
293040;2016;106
293050;2016;1119
293060;2016;131
293070;2016;1997
293075;2016;173
293076;2016;113
293077;2016;365
293080;2016;216
293090;2016;141
293100;2016;232
293105;2016;196
293110;2016;61
293120;2016;241
293130;2016;237
293135;2016;2446
293140;2016;55
293150;2016;268
293160;2016;197
293170;2016;105
293180;2016;127
293190;2016;603
293200;2016;312
293210;2016;221
293220;2016;299
293230;2016;258
293240;2016;149
293245;2016;184
293250;2016;243
293260;2016;219
293270;2016;255
293280;2016;206
293290;2016;1396
293300;2016;267
293305;2016;131
293310;2016;83
293315;2016;188
293317;2016;124
293320;2016;490
293325;2016;69
293330;2016;5541
293340;2016;141
293345;2016;179
293350;2016;360
293360;2016;851
310010;2016;59
310020;2016;213
310030;2016;150
310040;2016;41
310050;2016;109
310060;2016;145
310070;2016;16
310080;2016;40
310090;2016;249
310100;2016;165
310110;2016;309
310120;2016;45
310130;2016;18
310140;2016;31
310150;2016;411
310160;2016;1012
310163;2016;79
310170;2016;587
310180;2016;89
310190;2016;219
310200;2016;149
310205;2016;73
310210;2016;89
310220;2016;52
310230;2016;146
310240;2016;55
310250;2016;60
310260;2016;484
310270;2016;89
310280;2016;114
310285;2016;104
310290;2016;96
310300;2016;97
310310;2016;10
310320;2016;20
310330;2016;15
310340;2016;409
310350;2016;1378
310360;2016;21
310370;2016;97
310375;2016;112
310380;2016;14
310390;2016;89
310400;2016;1542
310410;2016;62
310420;2016;457
310430;2016;159
310440;2016;30
310445;2016;62
310450;2016;189
310460;2016;141
310470;2016;133
310480;2016;51
310490;2016;201
310500;2016;95
310510;2016;220
310520;2016;52
310530;2016;49
310540;2016;407
310550;2016;46
310560;2016;1365
310570;2016;57
310590;2016;228
310600;2016;132
310610;2016;27
310620;2016;29648
310630;2016;316
310640;2016;97
310650;2016;85
310660;2016;73
310665;2016;44
310670;2016;6048
310680;2016;24
310690;2016;116
310700;2016;23
310710;2016;567
310720;2016;34
310730;2016;660
310740;2016;655
310750;2016;82
310760;2016;25
310770;2016;75
310780;2016;162
310790;2016;141
310800;2016;157
310810;2016;54
310820;2016;54
310825;2016;136
310830;2016;156
310840;2016;123
310850;2016;50
310855;2016;240
310860;2016;445
310870;2016;49
310880;2016;47
310890;2016;159
310900;2016;438
310910;2016;87
310920;2016;100
310925;2016;51
310930;2016;309
310940;2016;312
310945;2016;54
310950;2016;137
310960;2016;34
310970;2016;123
310980;2016;24
310990;2016;106
311000;2016;502
311010;2016;59
311020;2016;41
311030;2016;121
311040;2016;29
311050;2016;261
311060;2016;325
311070;2016;161
311080;2016;43
311090;2016;178
311100;2016;196
311110;2016;178
311115;2016;43
311120;2016;557
311130;2016;115
311140;2016;115
311150;2016;218
311160;2016;283
311170;2016;43
311180;2016;119
311190;2016;44
311200;2016;125
311205;2016;53
311210;2016;73
311220;2016;42
311230;2016;590
311240;2016;70
311250;2016;129
311260;2016;150
311265;2016;58
311270;2016;168
311280;2016;98
311290;2016;137
311300;2016;258
311310;2016;22
311320;2016;303
311330;2016;398
311340;2016;1138
311350;2016;98
311360;2016;71
311370;2016;226
311380;2016;38
311390;2016;119
311400;2016;84
311410;2016;156
311420;2016;252
311430;2016;366
311440;2016;193
311450;2016;211
311455;2016;102
311460;2016;46
311470;2016;39
311480;2016;40
311490;2016;20
311500;2016;34
311510;2016;229
311520;2016;22
311530;2016;791
311535;2016;50
311540;2016;33
311545;2016;128
311547;2016;53
311550;2016;213
311560;2016;10
311570;2016;80
311580;2016;106
311590;2016;27
311600;2016;65
311610;2016;102
311615;2016;173
311620;2016;27
311630;2016;54
311640;2016;12
311650;2016;79
311660;2016;361
311670;2016;76
311680;2016;118
311690;2016;24
311700;2016;63
311710;2016;115
311720;2016;28
311730;2016;365
311740;2016;30
311750;2016;252
311760;2016;41
311770;2016;146
311780;2016;138
311783;2016;75
311787;2016;83
311790;2016;130
311800;2016;761
311810;2016;52
311820;2016;77
311830;2016;1679
311840;2016;258
311850;2016;22
311860;2016;8278
311870;2016;92
311880;2016;262
311890;2016;59
311900;2016;30
311910;2016;294
311920;2016;83
311930;2016;320
311940;2016;1277
311950;2016;102
311960;2016;25
311970;2016;37
311980;2016;23
311990;2016;27
311995;2016;57
312000;2016;42
312010;2016;50
312015;2016;76
312020;2016;128
312030;2016;52
312040;2016;52
312050;2016;127
312060;2016;49
312070;2016;60
312080;2016;189
312083;2016;59
312087;2016;108
312090;2016;902
312100;2016;88
312110;2016;74
312120;2016;60
312125;2016;113
312130;2016;40
312140;2016;57
312150;2016;28
312160;2016;690
312170;2016;42
312180;2016;52
312190;2016;44
312200;2016;264
312210;2016;62
312220;2016;93
312230;2016;2612
312235;2016;95
312240;2016;85
312245;2016;82
312247;2016;34
312250;2016;52
312260;2016;43
312270;2016;43
312280;2016;23
312290;2016;70
312300;2016;101
312310;2016;42
312320;2016;142
312330;2016;54
312340;2016;14
312350;2016;15
312352;2016;109
312360;2016;299
312370;2016;131
312380;2016;84
312385;2016;71
312390;2016;158
312400;2016;207
312410;2016;1094
312420;2016;329
312430;2016;378
312440;2016;77
312450;2016;118
312460;2016;19
312470;2016;30
312480;2016;79
312490;2016;79
312500;2016;41
312510;2016;645
312520;2016;27
312530;2016;43
312540;2016;51
312550;2016;29
312560;2016;110
312570;2016;118
312580;2016;30
312590;2016;90
312595;2016;145
312600;2016;76
312610;2016;685
312620;2016;57
312630;2016;33
312640;2016;35
312650;2016;51
312660;2016;49
312670;2016;228
312675;2016;54
312680;2016;70
312690;2016;109
312695;2016;38
312700;2016;130
312705;2016;45
312707;2016;51
312710;2016;698
312720;2016;58
312730;2016;98
312733;2016;50
312735;2016;22
312737;2016;34
312738;2016;30
312740;2016;30
312750;2016;79
312760;2016;133
312770;2016;3904
312780;2016;154
312790;2016;13
312800;2016;448
312810;2016;157
312820;2016;95
312825;2016;58
312830;2016;220
312840;2016;81
312850;2016;31
312860;2016;87
312870;2016;632
312880;2016;71
312890;2016;94
312900;2016;53
312910;2016;28
312920;2016;59
312930;2016;139
312940;2016;71
312950;2016;261
312960;2016;88
312965;2016;57
312970;2016;149
312980;2016;2601
312990;2016;29
313000;2016;19
313005;2016;115
313010;2016;562
313020;2016;122
313030;2016;82
313040;2016;78
313050;2016;136
313055;2016;79
313060;2016;77
313065;2016;70
313070;2016;62
313080;2016;24
313090;2016;238
313100;2016;85
313110;2016;77
313115;2016;217
313120;2016;231
313130;2016;2913
313140;2016;40
313150;2016;90
313160;2016;76
313170;2016;1554
313180;2016;146
313190;2016;697
313200;2016;28
313210;2016;266
313220;2016;156
313230;2016;184
313240;2016;1198
313250;2016;455
313260;2016;40
313270;2016;395
313280;2016;16
313290;2016;127
313300;2016;195
313310;2016;163
313320;2016;153
313330;2016;221
313340;2016;117
313350;2016;185
313360;2016;124
313370;2016;139
313375;2016;187
313380;2016;999
313390;2016;55
313400;2016;165
313410;2016;72
313420;2016;1244
313430;2016;72
313440;2016;527
313450;2016;30
313460;2016;206
313470;2016;133
313480;2016;89
313490;2016;290
313500;2016;32
313505;2016;621
313507;2016;63
313510;2016;1050
313520;2016;1012
313530;2016;44
313535;2016;93
313540;2016;47
313545;2016;63
313550;2016;124
313560;2016;83
313570;2016;54
313580;2016;286
313590;2016;50
313600;2016;190
313610;2016;45
313620;2016;901
313630;2016;676
313640;2016;35
313650;2016;98
313652;2016;51
313655;2016;51
313657;2016;32
313660;2016;79
313665;2016;385
313670;2016;6259
313680;2016;43
313690;2016;147
313695;2016;63
313700;2016;196
313710;2016;46
313720;2016;623
313730;2016;27
313740;2016;139
313750;2016;184
313753;2016;90
313760;2016;803
313770;2016;289
313780;2016;224
313790;2016;34
313800;2016;36
313810;2016;63
313820;2016;1300
313830;2016;28
313835;2016;49
313840;2016;616
313850;2016;36
313860;2016;170
313862;2016;102
313865;2016;99
313867;2016;100
313868;2016;90
313870;2016;53
313880;2016;219
313890;2016;84
313900;2016;476
313910;2016;56
313920;2016;244
313925;2016;62
313930;2016;302
313940;2016;1285
313950;2016;291
313960;2016;321
313970;2016;85
313980;2016;137
313990;2016;166
314000;2016;881
314010;2016;50
314015;2016;212
314020;2016;34
314030;2016;38
314040;2016;36
314050;2016;153
314053;2016;105
314055;2016;82
314060;2016;47
314070;2016;435
314080;2016;120
314085;2016;126
314090;2016;278
314100;2016;142
314110;2016;484
314120;2016;30
314130;2016;41
314140;2016;247
314150;2016;56
314160;2016;78
314170;2016;66
314180;2016;310
314190;2016;31
314200;2016;157
314210;2016;65
314220;2016;123
314225;2016;65
314230;2016;41
314240;2016;83
314250;2016;27
314260;2016;83
314270;2016;206
314280;2016;265
314290;2016;226
314300;2016;143
314310;2016;581
314315;2016;65
314320;2016;204
314330;2016;5916
314340;2016;242
314345;2016;65
314350;2016;81
314360;2016;35
314370;2016;26
314380;2016;64
314390;2016;1341
314400;2016;339
314410;2016;267
314420;2016;25
314430;2016;468
314435;2016;102
314437;2016;47
314440;2016;39
314450;2016;74
314460;2016;251
314465;2016;84
314467;2016;41
314470;2016;242
314480;2016;1381
314490;2016;46
314500;2016;171
314505;2016;100
314510;2016;207
314520;2016;1446
314530;2016;363
314535;2016;127
314537;2016;48
314540;2016;17
314545;2016;70
314550;2016;32
314560;2016;425
314570;2016;22
314580;2016;34
314585;2016;47
314587;2016;134
314590;2016;563
314600;2016;330
314610;2016;868
314620;2016;101
314625;2016;74
314630;2016;273
314640;2016;50
314650;2016;89
314655;2016;55
314660;2016;22
314670;2016;56
314675;2016;61
314690;2016;167
314700;2016;1304
314710;2016;1118
314720;2016;246
314730;2016;195
314740;2016;274
314750;2016;13
314760;2016;187
314770;2016;52
314780;2016;13
314790;2016;1417
314795;2016;64
314800;2016;1781
314810;2016;1204
314820;2016;49
314830;2016;89
314840;2016;43
314850;2016;85
314860;2016;208
314870;2016;308
314875;2016;87
314880;2016;35
314890;2016;34
314900;2016;34
314910;2016;130
314915;2016;118
314920;2016;43
314930;2016;834
314940;2016;13
314950;2016;46
314960;2016;42
314970;2016;157
314980;2016;196
314990;2016;189
314995;2016;98
315000;2016;52
315010;2016;31
315015;2016;147
315020;2016;54
315030;2016;42
315040;2016;52
315050;2016;69
315053;2016;56
315057;2016;85
315060;2016;65
315070;2016;95
315080;2016;149
315090;2016;41
315100;2016;131
315110;2016;142
315120;2016;763
315130;2016;120
315140;2016;330
315150;2016;383
315160;2016;126
315170;2016;178
315180;2016;1873
315190;2016;75
315200;2016;422
315210;2016;712
315213;2016;57
315217;2016;139
315220;2016;446
315230;2016;82
315240;2016;158
315250;2016;1819
315260;2016;70
315270;2016;73
315280;2016;371
315290;2016;77
315300;2016;41
315310;2016;40
315320;2016;28
315330;2016;37
315340;2016;182
315350;2016;98
315360;2016;136
315370;2016;22
315380;2016;19
315390;2016;208
315400;2016;213
315410;2016;85
315415;2016;95
315420;2016;112
315430;2016;188
315440;2016;40
315445;2016;72
315450;2016;114
315460;2016;4893
315470;2016;48
315480;2016;138
315490;2016;144
315500;2016;23
315510;2016;43
315520;2016;32
315530;2016;43
315540;2016;65
315550;2016;147
315560;2016;397
315570;2016;152
315580;2016;170
315590;2016;36
315600;2016;157
315610;2016;42
315620;2016;28
315630;2016;119
315640;2016;31
315645;2016;29
315650;2016;57
315660;2016;90
315670;2016;1763
315680;2016;176
315690;2016;333
315700;2016;504
315710;2016;79
315720;2016;420
315725;2016;113
315727;2016;31
315730;2016;40
315733;2016;92
315737;2016;45
315740;2016;44
315750;2016;55
315760;2016;43
315765;2016;95
315770;2016;187
315780;2016;3009
315790;2016;251
315800;2016;143
315810;2016;47
315820;2016;171
315830;2016;70
315840;2016;12
315850;2016;60
315860;2016;43
315870;2016;18
315880;2016;54
315890;2016;120
315895;2016;630
315900;2016;51
315910;2016;35
315920;2016;66
315930;2016;41
315935;2016;103
315940;2016;23
315950;2016;72
315960;2016;471
315970;2016;32
315980;2016;312
315990;2016;191
316000;2016;25
316010;2016;47
316020;2016;34
316030;2016;141
316040;2016;335
316045;2016;80
316050;2016;11
316060;2016;26
316070;2016;509
316080;2016;69
316090;2016;44
316095;2016;85
316100;2016;149
316105;2016;37
316110;2016;754
316120;2016;61
316130;2016;62
316140;2016;41
316150;2016;95
316160;2016;52
316165;2016;38
316170;2016;55
316180;2016;144
316190;2016;137
316200;2016;378
316210;2016;631
316220;2016;87
316225;2016;34
316230;2016;25
316240;2016;237
316245;2016;271
316250;2016;1006
316255;2016;160
316257;2016;82
316260;2016;90
316265;2016;38
316270;2016;262
316280;2016;201
316290;2016;300
316292;2016;371
316294;2016;80
316295;2016;320
316300;2016;53
316310;2016;38
316320;2016;51
316330;2016;65
316340;2016;52
316350;2016;59
316360;2016;44
316370;2016;546
316380;2016;69
316390;2016;53
316400;2016;80
316410;2016;51
316420;2016;110
316430;2016;47
316440;2016;62
316443;2016;19
316447;2016;78
316450;2016;86
316460;2016;103
316470;2016;821
316480;2016;13
316490;2016;18
316500;2016;90
316510;2016;87
316520;2016;78
316530;2016;84
316540;2016;69
316550;2016;78
316553;2016;527
316555;2016;134
316556;2016;18
316557;2016;109
316560;2016;28
316570;2016;77
316580;2016;6
316590;2016;45
316600;2016;63
316610;2016;46
316620;2016;83
316630;2016;109
316640;2016;16
316650;2016;64
316660;2016;6
316670;2016;91
316680;2016;138
316690;2016;88
316695;2016;43
316700;2016;27
316710;2016;280
316720;2016;2599
316730;2016;23
316740;2016;78
316750;2016;22
316760;2016;297
316770;2016;55
316780;2016;72
316790;2016;39
316800;2016;443
316805;2016;47
316810;2016;52
316820;2016;8
316830;2016;36
316840;2016;138
316850;2016;101
316860;2016;1824
316870;2016;980
316880;2016;104
316890;2016;62
316900;2016;182
316905;2016;29
316910;2016;70
316920;2016;96
316930;2016;1026
316935;2016;366
316940;2016;657
316950;2016;75
316960;2016;221
316970;2016;225
316980;2016;53
316990;2016;1159
317000;2016;156
317005;2016;133
317010;2016;4134
317020;2016;9247
317030;2016;28
317040;2016;1068
317043;2016;38
317047;2016;26
317050;2016;124
317052;2016;127
317057;2016;58
317060;2016;13
317065;2016;54
317070;2016;1735
317075;2016;104
317080;2016;339
317090;2016;220
317100;2016;229
317103;2016;139
317107;2016;53
317110;2016;32
317115;2016;52
317120;2016;1920
317130;2016;854
317140;2016;31
317150;2016;38
317160;2016;98
317170;2016;86
317180;2016;152
317190;2016;47
317200;2016;486
317210;2016;50
317220;2016;24
320010;2016;353
320013;2016;105
320016;2016;160
320020;2016;333
320030;2016;119
320035;2016;100
320040;2016;385
320050;2016;69
320060;2016;1452
320070;2016;151
320080;2016;357
320090;2016;701
320100;2016;184
320110;2016;105
320115;2016;193
320120;2016;2654
320130;2016;5863
320140;2016;397
320150;2016;1600
320160;2016;401
320170;2016;155
320180;2016;48
320190;2016;454
320200;2016;54
320210;2016;280
320220;2016;228
320225;2016;124
320230;2016;396
320240;2016;1743
320245;2016;331
320250;2016;136
320255;2016;140
320260;2016;132
320265;2016;147
320270;2016;130
320280;2016;586
320290;2016;100
320300;2016;399
320305;2016;472
320310;2016;145
320313;2016;173
320316;2016;72
320320;2016;2514
320330;2016;159
320332;2016;544
320334;2016;236
320335;2016;139
320340;2016;243
320350;2016;212
320360;2016;89
320370;2016;218
320380;2016;169
320390;2016;686
320400;2016;238
320405;2016;327
320410;2016;341
320420;2016;291
320425;2016;76
320430;2016;189
320435;2016;244
320440;2016;137
320450;2016;122
320455;2016;575
320460;2016;282
320465;2016;110
320470;2016;395
320480;2016;125
320490;2016;1783
320495;2016;106
320500;2016;7785
320501;2016;457
320503;2016;246
320506;2016;300
320510;2016;1107
320515;2016;100
320517;2016;199
320520;2016;6172
320530;2016;4369
330010;2016;2628
330015;2016;149
330020;2016;1529
330022;2016;163
330023;2016;703
330025;2016;382
330030;2016;1130
330040;2016;1998
330045;2016;7215
330050;2016;234
330060;2016;439
330070;2016;2677
330080;2016;771
330090;2016;134
330093;2016;151
330095;2016;132
330100;2016;7516
330110;2016;213
330115;2016;150
330120;2016;207
330130;2016;597
330140;2016;250
330150;2016;267
330160;2016;139
330170;2016;13583
330180;2016;121
330185;2016;725
330187;2016;342
330190;2016;3047
330200;2016;1930
330205;2016;152
330210;2016;269
330220;2016;1124
330225;2016;367
330227;2016;1482
330230;2016;89
330240;2016;3746
330245;2016;106
330250;2016;3503
330260;2016;503
330270;2016;1764
330280;2016;199
330285;2016;2402
330290;2016;279
330300;2016;366
330310;2016;186
330320;2016;1974
330330;2016;5903
330340;2016;2157
330350;2016;11842
330360;2016;566
330370;2016;541
330380;2016;588
330385;2016;351
330390;2016;3850
330395;2016;328
330400;2016;380
330410;2016;188
330411;2016;285
330412;2016;139
330414;2016;2278
330415;2016;323
330420;2016;1732
330430;2016;739
330440;2016;202
330450;2016;94
330452;2016;2191
330455;2016;83166
330460;2016;91
330470;2016;461
330475;2016;543
330480;2016;408
330490;2016;11386
330500;2016;503
330510;2016;6211
330513;2016;88
330515;2016;265
330520;2016;1459
330530;2016;101
330540;2016;192
330550;2016;1258
330555;2016;1122
330560;2016;272
330570;2016;195
330575;2016;455
330580;2016;2198
330590;2016;106
330600;2016;1108
330610;2016;793
330615;2016;165
330620;2016;504
330630;2016;3364
350010;2016;370
350020;2016;45
350030;2016;390
350040;2016;85
350050;2016;217
350055;2016;86
350060;2016;29
350070;2016;512
350075;2016;80
350080;2016;42
350090;2016;53
350100;2016;180
350110;2016;38
350115;2016;266
350120;2016;37
350130;2016;339
350140;2016;46
350150;2016;42
350160;2016;2495
350170;2016;463
350180;2016;39
350190;2016;815
350200;2016;55
350210;2016;690
350220;2016;349
350230;2016;82
350240;2016;60
350250;2016;505
350260;2016;47
350270;2016;342
350275;2016;303
350280;2016;2241
350290;2016;442
350300;2016;58
350310;2016;72
350315;2016;16
350320;2016;2743
350330;2016;1517
350335;2016;21
350340;2016;95
350350;2016;43
350360;2016;129
350370;2016;80
350380;2016;664
350390;2016;1446
350395;2016;26
350400;2016;1230
350410;2016;2061
350420;2016;147
350430;2016;63
350440;2016;151
350450;2016;1298
350460;2016;215
350470;2016;16
350480;2016;67
350490;2016;90
350500;2016;54
350510;2016;88
350520;2016;402
350530;2016;315
350535;2016;67
350540;2016;91
350550;2016;1391
350560;2016;472
350570;2016;5446
350580;2016;280
350590;2016;677
350600;2016;4677
350610;2016;912
350620;2016;34
350630;2016;126
350635;2016;1025
350640;2016;72
350650;2016;1363
350660;2016;396
350670;2016;154
350680;2016;142
350690;2016;124
350700;2016;804
350710;2016;327
350715;2016;70
350720;2016;9
350730;2016;55
350740;2016;151
350745;2016;30
350750;2016;1724
350760;2016;2173
350770;2016;64
350775;2016;31
350780;2016;287
350790;2016;293
350800;2016;307
350810;2016;179
350820;2016;53
350830;2016;54
350840;2016;791
350850;2016;1194
350860;2016;402
350870;2016;192
350880;2016;225
350890;2016;28
350900;2016;1414
350910;2016;49
350920;2016;1302
350925;2016;480
350930;2016;92
350940;2016;361
350945;2016;80
350950;2016;15159
350960;2016;1095
350970;2016;762
350980;2016;53
350990;2016;170
350995;2016;78
351000;2016;303
351010;2016;20
351015;2016;64
351020;2016;654
351030;2016;281
351040;2016;692
351050;2016;1719
351060;2016;7061
351070;2016;140
351080;2016;292
351090;2016;26
351100;2016;257
351110;2016;1353
351120;2016;90
351130;2016;99
351140;2016;256
351150;2016;545
351160;2016;252
351170;2016;196
351190;2016;90
351200;2016;224
351210;2016;93
351220;2016;397
351230;2016;203
351240;2016;317
351250;2016;71
351260;2016;54
351270;2016;47
351280;2016;686
351290;2016;60
351300;2016;4260
351310;2016;416
351320;2016;105
351330;2016;26
351340;2016;946
351350;2016;1681
351360;2016;227
351370;2016;333
351380;2016;6040
351385;2016;18
351390;2016;127
351400;2016;97
351410;2016;354
351420;2016;16
351430;2016;102
351440;2016;517
351450;2016;122
351460;2016;103
351470;2016;88
351480;2016;213
351490;2016;200
351492;2016;38
351495;2016;23
351500;2016;4240
351510;2016;972
351512;2016;21
351515;2016;254
351518;2016;422
351519;2016;53
351520;2016;79
351530;2016;33
351535;2016;105
351540;2016;200
351550;2016;713
351560;2016;53
351565;2016;20
351570;2016;2971
351580;2016;20
351590;2016;18
351600;2016;102
351610;2016;34
351620;2016;4954
351630;2016;2922
351640;2016;2239
351650;2016;28
351660;2016;65
351670;2016;509
351680;2016;49
351685;2016;55
351690;2016;113
351700;2016;104
351710;2016;37
351720;2016;160
351730;2016;80
351740;2016;441
351750;2016;256
351760;2016;222
351770;2016;188
351780;2016;82
351790;2016;95
351800;2016;17
351810;2016;77
351820;2016;377
351830;2016;415
351840;2016;1386
351850;2016;157
351860;2016;498
351870;2016;4444
351880;2016;20969
351885;2016;88
351890;2016;62
351900;2016;103
351905;2016;214
351907;2016;3065
351910;2016;124
351920;2016;49
351925;2016;99
351930;2016;479
351940;2016;146
351950;2016;72
351960;2016;708
351970;2016;1145
351980;2016;89
351990;2016;93
352000;2016;278
352010;2016;298
352020;2016;122
352030;2016;367
352040;2016;488
352042;2016;151
352044;2016;285
352050;2016;3068
352060;2016;50
352070;2016;33
352080;2016;37
352090;2016;169
352100;2016;333
352110;2016;87
352115;2016;68
352120;2016;57
352130;2016;165
352140;2016;272
352150;2016;82
352160;2016;58
352170;2016;212
352180;2016;296
352190;2016;162
352200;2016;41
352210;2016;1338
352215;2016;42
352220;2016;2680
352230;2016;2076
352240;2016;1436
352250;2016;4087
352260;2016;803
352265;2016;58
352270;2016;448
352280;2016;201
352290;2016;186
352300;2016;60
352310;2016;6100
352320;2016;647
352330;2016;185
352340;2016;1355
352350;2016;284
352360;2016;153
352370;2016;71
352380;2016;84
352390;2016;2290
352400;2016;891
352410;2016;418
352420;2016;71
352430;2016;768
352440;2016;3112
352450;2016;87
352460;2016;267
352470;2016;770
352480;2016;540
352490;2016;72
352500;2016;1773
352510;2016;562
352520;2016;388
352530;2016;1676
352540;2016;48
352550;2016;135
352560;2016;82
352570;2016;447
352580;2016;66
352585;2016;52
352590;2016;5830
352600;2016;234
352610;2016;265
352620;2016;459
352630;2016;38
352640;2016;396
352650;2016;47
352660;2016;97
352670;2016;1192
352680;2016;775
352690;2016;3591
352700;2016;64
352710;2016;904
352720;2016;1223
352725;2016;22
352730;2016;755
352740;2016;193
352750;2016;27
352760;2016;129
352770;2016;57
352780;2016;59
352790;2016;29
352800;2016;200
352810;2016;78
352820;2016;37
352830;2016;32
352840;2016;625
352850;2016;1066
352860;2016;94
352870;2016;35
352880;2016;143
352885;2016;33
352890;2016;38
352900;2016;2980
352910;2016;15
352920;2016;270
352930;2016;886
352940;2016;5908
352950;2016;66
352960;2016;33
352965;2016;29
352970;2016;222
352980;2016;119
352990;2016;319
353000;2016;30
353010;2016;283
353020;2016;180
353030;2016;710
353040;2016;50
353050;2016;793
353060;2016;6247
353070;2016;1909
353080;2016;1101
353090;2016;49
353100;2016;24
353110;2016;714
353120;2016;54
353130;2016;520
353140;2016;239
353150;2016;208
353160;2016;39
353170;2016;23
353180;2016;915
353190;2016;393
353200;2016;156
353205;2016;68
353210;2016;25
353215;2016;40
353220;2016;80
353230;2016;58
353240;2016;207
353250;2016;92
353260;2016;93
353270;2016;74
353280;2016;73
353282;2016;149
353284;2016;16
353286;2016;23
353290;2016;126
353300;2016;264
353310;2016;23
353320;2016;45
353325;2016;68
353330;2016;40
353340;2016;711
353350;2016;482
353360;2016;74
353370;2016;68
353380;2016;31
353390;2016;640
353400;2016;59
353410;2016;75
353420;2016;59
353430;2016;480
353440;2016;10317
353450;2016;23
353460;2016;317
353470;2016;1341
353475;2016;119
353480;2016;85
353490;2016;111
353500;2016;112
353510;2016;125
353520;2016;87
353530;2016;239
353540;2016;245
353550;2016;612
353560;2016;212
353570;2016;63
353580;2016;263
353590;2016;48
353600;2016;120
353610;2016;107
353620;2016;279
353625;2016;43
353630;2016;216
353640;2016;126
353650;2016;1450
353657;2016;22
353660;2016;90
353670;2016;558
353680;2016;69
353690;2016;19
353700;2016;203
353710;2016;456
353715;2016;23
353720;2016;125
353730;2016;782
353740;2016;284
353750;2016;119
353760;2016;961
353770;2016;65
353780;2016;696
353790;2016;386
353800;2016;2162
353810;2016;151
353820;2016;142
353830;2016;19
353850;2016;148
353860;2016;308
353870;2016;5028
353880;2016;374
353890;2016;220
353900;2016;107
353910;2016;257
353920;2016;327
353930;2016;896
353940;2016;177
353950;2016;447
353960;2016;73
353970;2016;38
353980;2016;1574
353990;2016;56
354000;2016;256
354010;2016;30
354020;2016;526
354025;2016;37
354030;2016;18
354040;2016;40
354050;2016;99
354060;2016;670
354070;2016;627
354075;2016;274
354080;2016;242
354085;2016;13
354090;2016;208
354100;2016;4444
354105;2016;84
354110;2016;39
354120;2016;115
354130;2016;587
354140;2016;2875
354150;2016;401
354160;2016;439
354165;2016;59
354170;2016;162
354180;2016;51
354190;2016;135
354200;2016;81
354210;2016;88
354220;2016;438
354230;2016;48
354240;2016;233
354250;2016;61
354260;2016;856
354270;2016;98
354280;2016;35
354290;2016;159
354300;2016;261
354310;2016;66
354320;2016;58
354323;2016;19
354325;2016;100
354330;2016;1327
354340;2016;8037
354350;2016;82
354360;2016;34
354370;2016;116
354380;2016;89
354390;2016;2437
354400;2016;392
354410;2016;601
354420;2016;110
354425;2016;277
354430;2016;131
354440;2016;32
354450;2016;23
354460;2016;61
354470;2016;25
354480;2016;57
354490;2016;121
354500;2016;204
354510;2016;63
354515;2016;76
354520;2016;1621
354530;2016;593
354540;2016;108
354550;2016;50
354560;2016;189
354570;2016;65
354580;2016;2401
354600;2016;154
354610;2016;18
354620;2016;33
354625;2016;28
354630;2016;389
354640;2016;563
354650;2016;59
354660;2016;353
354670;2016;332
354680;2016;716
354690;2016;120
354700;2016;81
354710;2016;40
354720;2016;12
354730;2016;2254
354740;2016;19
354750;2016;263
354760;2016;244
354765;2016;12
354770;2016;211
354780;2016;8802
354790;2016;80
354800;2016;262
354805;2016;112
354810;2016;51
354820;2016;79
354830;2016;30
354840;2016;70
354850;2016;4513
354860;2016;134
354870;2016;10761
354880;2016;1776
354890;2016;3135
354900;2016;21
354910;2016;1065
354920;2016;14
354925;2016;24
354930;2016;18
354940;2016;581
354950;2016;115
354960;2016;49
354970;2016;654
354980;2016;5392
354990;2016;9562
354995;2016;238
355000;2016;109
355010;2016;530
355020;2016;455
355030;2016;167303
355040;2016;409
355050;2016;85
355060;2016;1122
355070;2016;1270
355080;2016;105
355090;2016;155
355100;2016;4805
355110;2016;118
355120;2016;45
355130;2016;32
355140;2016;118
355150;2016;618
355160;2016;325
355170;2016;1540
355180;2016;202
355190;2016;189
355200;2016;59
355210;2016;422
355220;2016;8935
355230;2016;90
355240;2016;3877
355250;2016;4458
355255;2016;37
355260;2016;112
355270;2016;205
355280;2016;4329
355290;2016;81
355300;2016;176
355310;2016;54
355320;2016;60
355330;2016;276
355340;2016;259
355350;2016;89
355360;2016;144
355365;2016;20
355370;2016;645
355380;2016;312
355385;2016;83
355390;2016;96
355395;2016;208
355400;2016;1623
355410;2016;3951
355420;2016;66
355430;2016;332
355440;2016;107
355450;2016;462
355460;2016;24
355465;2016;28
355470;2016;85
355475;2016;11
355480;2016;582
355490;2016;69
355495;2016;90
355500;2016;742
355510;2016;165
355520;2016;22
355530;2016;14
355535;2016;76
355540;2016;1233
355550;2016;82
355560;2016;95
355570;2016;23
355580;2016;91
355590;2016;15
355600;2016;120
355610;2016;158
355620;2016;1379
355630;2016;337
355635;2016;137
355640;2016;536
355645;2016;755
355650;2016;1489
355660;2016;135
355670;2016;924
355680;2016;229
355690;2016;82
355695;2016;22
355700;2016;1663
355710;2016;1025
355715;2016;28
355720;2016;160
355730;2016;137
410010;2016;102
410020;2016;70
410030;2016;113
410040;2016;1811
410045;2016;54
410050;2016;266
410060;2016;174
410070;2016;142
410080;2016;105
410090;2016;87
410100;2016;256
410105;2016;42
410110;2016;259
410115;2016;42
410120;2016;252
410130;2016;91
410140;2016;1697
410150;2016;1563
410160;2016;359
410165;2016;62
410170;2016;206
410180;2016;2255
410185;2016;31
410190;2016;206
410200;2016;445
410210;2016;328
410220;2016;43
410230;2016;191
410240;2016;432
410250;2016;126
410260;2016;146
410270;2016;25
410275;2016;26
410280;2016;210
410290;2016;271
410300;2016;51
410302;2016;27
410304;2016;91
410305;2016;101
410310;2016;181
410315;2016;42
410320;2016;88
410322;2016;35
410330;2016;103
410335;2016;73
410337;2016;44
410340;2016;20
410345;2016;260
410347;2016;40
410350;2016;136
410360;2016;287
410370;2016;1256
410380;2016;91
410390;2016;253
410395;2016;64
410400;2016;786
410405;2016;58
410410;2016;117
410420;2016;1720
410425;2016;431
410430;2016;1274
410440;2016;226
410442;2016;239
410445;2016;204
410450;2016;234
410460;2016;200
410465;2016;362
410470;2016;176
410480;2016;4705
410490;2016;1113
410500;2016;114
410510;2016;119
410520;2016;218
410530;2016;144
410540;2016;275
410550;2016;1069
410560;2016;171
410570;2016;263
410580;2016;3720
410590;2016;293
410600;2016;120
410610;2016;31
410620;2016;248
410630;2016;260
410640;2016;545
410645;2016;88
410650;2016;352
410655;2016;53
410657;2016;35
410660;2016;284
410670;2016;69
410680;2016;224
410685;2016;41
410690;2016;23217
410700;2016;186
410710;2016;59
410712;2016;47
410715;2016;64
410720;2016;631
410725;2016;122
410730;2016;65
410740;2016;67
410750;2016;171
410752;2016;26
410753;2016;68
410754;2016;69
410755;2016;42
410760;2016;246
410765;2016;1969
410770;2016;45
410773;2016;83
410775;2016;90
410780;2016;60
410785;2016;60
410790;2016;80
410800;2016;198
410810;2016;28
410820;2016;81
410830;2016;4198
410832;2016;108
410840;2016;1301
410845;2016;91
410850;2016;232
410855;2016;22
410860;2016;373
410865;2016;106
410870;2016;85
410880;2016;469
410890;2016;91
410895;2016;111
410900;2016;56
410910;2016;21
410920;2016;31
410930;2016;198
410940;2016;2847
410950;2016;104
410960;2016;519
410965;2016;78
410970;2016;351
410975;2016;99
410980;2016;727
410990;2016;121
411000;2016;63
411005;2016;28
411007;2016;222
411010;2016;503
411020;2016;139
411030;2016;35
411040;2016;66
411050;2016;202
411060;2016;203
411065;2016;23
411070;2016;853
411080;2016;146
411090;2016;57
411095;2016;142
411100;2016;65
411110;2016;66
411120;2016;153
411125;2016;498
411130;2016;48
411140;2016;185
411150;2016;372
411155;2016;122
411160;2016;32
411170;2016;99
411180;2016;539
411190;2016;167
411200;2016;581
411210;2016;266
411220;2016;86
411230;2016;56
411240;2016;102
411250;2016;141
411260;2016;18
411270;2016;174
411275;2016;101
411280;2016;157
411290;2016;42
411295;2016;100
411300;2016;86
411310;2016;47
411320;2016;593
411325;2016;80
411330;2016;467
411340;2016;37
411342;2016;53
411345;2016;78
411350;2016;266
411360;2016;52
411370;2016;7012
411373;2016;105
411375;2016;52
411380;2016;52
411390;2016;156
411400;2016;163
411410;2016;361
411420;2016;468
411430;2016;327
411435;2016;42
411440;2016;253
411450;2016;223
411460;2016;683
411470;2016;51
411480;2016;543
411490;2016;124
411500;2016;92
411510;2016;134
411520;2016;4794
411530;2016;77
411535;2016;90
411540;2016;196
411545;2016;49
411550;2016;54
411560;2016;249
411570;2016;474
411573;2016;38
411575;2016;154
411580;2016;680
411585;2016;78
411590;2016;25
411600;2016;27
411605;2016;129
411610;2016;137
411620;2016;233
411630;2016;48
411640;2016;61
411650;2016;25
411660;2016;33
411670;2016;131
411680;2016;94
411690;2016;323
411695;2016;69
411700;2016;87
411705;2016;159
411710;2016;157
411720;2016;76
411721;2016;55
411722;2016;134
411725;2016;119
411727;2016;81
411729;2016;36
411730;2016;372
411740;2016;44
411745;2016;72
411750;2016;625
411760;2016;890
411770;2016;442
411780;2016;192
411790;2016;453
411800;2016;167
411810;2016;145
411820;2016;2156
411830;2016;38
411840;2016;1269
411845;2016;64
411850;2016;1300
411860;2016;76
411870;2016;86
411880;2016;167
411885;2016;87
411890;2016;143
411900;2016;66
411910;2016;163
411915;2016;2095
411920;2016;108
411925;2016;31
411930;2016;518
411940;2016;365
411950;2016;1543
411960;2016;440
411965;2016;32
411970;2016;59
411980;2016;127
411990;2016;5340
411995;2016;365
412000;2016;168
412010;2016;52
412015;2016;44
412020;2016;36
412030;2016;44
412033;2016;58
412035;2016;65
412040;2016;64
412050;2016;112
412060;2016;681
412065;2016;47
412070;2016;91
412080;2016;332
412085;2016;51
412090;2016;464
412100;2016;180
412110;2016;56
412120;2016;232
412125;2016;64
412130;2016;43
412135;2016;17
412140;2016;240
412150;2016;215
412160;2016;103
412170;2016;398
412175;2016;106
412180;2016;151
412190;2016;199
412200;2016;189
412210;2016;35
412215;2016;259
412217;2016;67
412220;2016;606
412230;2016;366
412240;2016;883
412250;2016;162
412260;2016;117
412265;2016;60
412270;2016;115
412280;2016;60
412290;2016;51
412300;2016;167
412310;2016;44
412320;2016;44
412330;2016;107
412340;2016;137
412350;2016;328
412360;2016;25
412370;2016;121
412380;2016;166
412382;2016;53
412385;2016;138
412390;2016;132
412395;2016;55
412400;2016;58
412402;2016;192
412405;2016;302
412410;2016;673
412420;2016;31
412430;2016;21
412440;2016;271
412450;2016;96
412460;2016;91
412470;2016;130
412480;2016;142
412490;2016;89
412500;2016;141
412510;2016;177
412520;2016;131
412530;2016;50
412535;2016;77
412540;2016;66
412545;2016;52
412550;2016;4875
412555;2016;26
412560;2016;575
412570;2016;437
412575;2016;78
412580;2016;115
412590;2016;29
412600;2016;113
412610;2016;81
412620;2016;84
412625;2016;1520
412627;2016;104
412630;2016;250
412635;2016;73
412640;2016;64
412650;2016;177
412660;2016;287
412665;2016;35
412667;2016;194
412670;2016;58
412680;2016;194
412690;2016;57
412700;2016;121
412710;2016;1195
412720;2016;240
412730;2016;216
412740;2016;223
412750;2016;299
412760;2016;214
412770;2016;2056
412780;2016;78
412785;2016;168
412788;2016;132
412790;2016;98
412795;2016;81
412796;2016;227
412800;2016;285
412810;2016;1471
412820;2016;758
412830;2016;24
412840;2016;116
412850;2016;248
412853;2016;133
412855;2016;107
412860;2016;102
412862;2016;50
412863;2016;66
412865;2016;60
412870;2016;128
412880;2016;65
420005;2016;27
420010;2016;314
420020;2016;138
420030;2016;48
420040;2016;74
420050;2016;86
420055;2016;23
420060;2016;77
420070;2016;110
420075;2016;21
420080;2016;64
420090;2016;53
420100;2016;102
420110;2016;18
420120;2016;128
420125;2016;116
420127;2016;46
420130;2016;549
420140;2016;895
420150;2016;94
420160;2016;40
420165;2016;14
420170;2016;102
420180;2016;28
420190;2016;63
420195;2016;143
420200;2016;1601
420205;2016;137
420207;2016;139
420208;2016;40
420209;2016;14
420210;2016;510
420213;2016;53
420215;2016;34
420220;2016;119
420230;2016;952
420240;2016;4401
420243;2016;39
420245;2016;285
420250;2016;48
420253;2016;34
420257;2016;21
420260;2016;131
420270;2016;59
420280;2016;469
420285;2016;45
420287;2016;32
420290;2016;1731
420300;2016;1216
420310;2016;62
420315;2016;58
420320;2016;1297
420325;2016;27
420330;2016;147
420340;2016;89
420350;2016;158
420360;2016;550
420370;2016;121
420380;2016;846
420390;2016;318
420395;2016;338
420400;2016;143
420410;2016;55
420415;2016;35
420417;2016;30
420419;2016;49
420420;2016;3314
420425;2016;195
420430;2016;1035
420435;2016;54
420440;2016;114
420445;2016;30
420450;2016;212
420455;2016;214
420460;2016;2841
420470;2016;131
420475;2016;18
420480;2016;659
420490;2016;81
420500;2016;240
420510;2016;52
420515;2016;32
420517;2016;50
420519;2016;39
420520;2016;48
420530;2016;146
420535;2016;22
420540;2016;6235
420543;2016;24
420545;2016;409
420550;2016;570
420555;2016;26
420560;2016;41
420570;2016;280
420580;2016;263
420590;2016;829
420600;2016;174
420610;2016;73
420620;2016;143
420630;2016;285
420640;2016;85
420650;2016;572
420660;2016;57
420665;2016;97
420670;2016;309
420675;2016;23
420680;2016;37
420690;2016;256
420700;2016;770
420710;2016;180
420720;2016;110
420730;2016;640
420740;2016;75
420750;2016;864
420757;2016;28
420760;2016;51
420765;2016;90
420768;2016;165
420770;2016;72
420775;2016;43
420780;2016;98
420785;2016;22
420790;2016;116
420800;2016;60
420810;2016;312
420820;2016;3465
420830;2016;828
420840;2016;208
420845;2016;255
420850;2016;373
420860;2016;48
420870;2016;129
420880;2016;242
420890;2016;2312
420895;2016;14
420900;2016;379
420910;2016;8030
420915;2016;106
420917;2016;13
420920;2016;26
420930;2016;2476
420940;2016;421
420945;2016;20
420950;2016;97
420960;2016;217
420970;2016;166
420980;2016;39
420985;2016;48
420990;2016;159
421000;2016;168
421003;2016;63
421005;2016;26
421010;2016;765
421020;2016;25
421030;2016;121
421040;2016;103
421050;2016;362
421055;2016;18
421060;2016;202
421070;2016;36
421080;2016;85
421085;2016;33
421090;2016;37
421100;2016;126
421105;2016;161
421110;2016;131
421120;2016;244
421125;2016;27
421130;2016;1448
421140;2016;51
421145;2016;31
421150;2016;142
421160;2016;168
421165;2016;24
421170;2016;289
421175;2016;296
421180;2016;76
421185;2016;17
421187;2016;20
421189;2016;30
421190;2016;2568
421200;2016;128
421205;2016;35
421210;2016;196
421220;2016;228
421223;2016;58
421225;2016;81
421227;2016;54
421230;2016;81
421240;2016;41
421250;2016;375
421260;2016;13
421270;2016;63
421280;2016;354
421290;2016;303
421300;2016;39
421310;2016;55
421315;2016;20
421320;2016;392
421330;2016;56
421335;2016;66
421340;2016;149
421350;2016;274
421360;2016;394
421370;2016;236
421380;2016;119
421390;2016;14
421400;2016;232
421410;2016;35
421415;2016;33
421420;2016;137
421430;2016;30
421440;2016;71
421450;2016;81
421460;2016;84
421470;2016;104
421480;2016;926
421490;2016;52
421500;2016;615
421505;2016;35
421507;2016;41
421510;2016;120
421520;2016;46
421530;2016;98
421535;2016;40
421540;2016;56
421545;2016;203
421550;2016;287
421555;2016;19
421560;2016;28
421565;2016;122
421567;2016;93
421568;2016;34
421569;2016;19
421570;2016;302
421575;2016;39
421580;2016;1099
421590;2016;29
421600;2016;120
421605;2016;78
421610;2016;104
421620;2016;640
421625;2016;70
421630;2016;450
421635;2016;57
421640;2016;87
421650;2016;355
421660;2016;3202
421670;2016;180
421680;2016;101
421690;2016;301
421700;2016;194
421710;2016;36
421715;2016;18
421720;2016;549
421725;2016;36
421730;2016;127
421740;2016;283
421750;2016;213
421755;2016;35
421760;2016;146
421770;2016;440
421775;2016;39
421780;2016;229
421790;2016;93
421795;2016;26
421800;2016;569
421810;2016;61
421820;2016;503
421825;2016;97
421830;2016;295
421835;2016;35
421840;2016;83
421850;2016;129
421860;2016;90
421870;2016;1340
421875;2016;46
421880;2016;167
421885;2016;27
421890;2016;136
421895;2016;41
421900;2016;189
421910;2016;45
421915;2016;28
421917;2016;78
421920;2016;83
421930;2016;755
421935;2016;72
421940;2016;43
421950;2016;681
421960;2016;19
421970;2016;452
421985;2016;45
430003;2016;49
430005;2016;43
430010;2016;165
430020;2016;78
430030;2016;57
430040;2016;858
430045;2016;38
430047;2016;22
430050;2016;72
430055;2016;15
430057;2016;32
430060;2016;3330
430063;2016;55
430064;2016;69
430066;2016;11
430070;2016;59
430080;2016;137
430085;2016;42
430087;2016;95
430090;2016;46
430100;2016;257
430105;2016;113
430107;2016;19
430110;2016;175
430120;2016;138
430130;2016;219
430140;2016;117
430150;2016;71
430155;2016;25
430160;2016;1619
430163;2016;143
430165;2016;52
430170;2016;104
430175;2016;61
430180;2016;39
430185;2016;44
430187;2016;48
430190;2016;160
430192;2016;6
430195;2016;34
430200;2016;99
430205;2016;40
430210;2016;1483
430215;2016;24
430220;2016;65
430222;2016;21
430223;2016;16
430225;2016;21
430230;2016;160
430235;2016;166
430237;2016;23
430240;2016;147
430245;2016;76
430250;2016;61
430258;2016;27
430260;2016;34
430265;2016;41
430270;2016;269
430280;2016;382
430290;2016;117
430300;2016;989
430310;2016;1933
430320;2016;46
430330;2016;46
430340;2016;24
430350;2016;821
430355;2016;26
430360;2016;64
430367;2016;22
430370;2016;58
430380;2016;54
430390;2016;851
430400;2016;78
430410;2016;39
430420;2016;366
430430;2016;47
430435;2016;130
430440;2016;622
430450;2016;522
430460;2016;5205
430461;2016;4
430462;2016;21
430463;2016;923
430465;2016;42
430466;2016;341
430467;2016;47
430468;2016;121
430469;2016;49
430470;2016;829
430471;2016;44
430480;2016;342
430485;2016;10
430490;2016;92
430495;2016;15
430500;2016;86
430510;2016;6076
430511;2016;15
430512;2016;39
430513;2016;23
430515;2016;23
430517;2016;128
430520;2016;141
430530;2016;77
430535;2016;379
430537;2016;15
430540;2016;48
430543;2016;38
430544;2016;50
430545;2016;176
430550;2016;39
430558;2016;26
430560;2016;24
430570;2016;83
430580;2016;113
430583;2016;7
430585;2016;21
430587;2016;27
430590;2016;90
430593;2016;5
430595;2016;28
430597;2016;46
430600;2016;145
430605;2016;91
430607;2016;24
430610;2016;851
430613;2016;13
430620;2016;143
430630;2016;50
430632;2016;26
430635;2016;23
430637;2016;27
430640;2016;405
430642;2016;28
430645;2016;28
430650;2016;138
430655;2016;21
430660;2016;443
430670;2016;38
430673;2016;39
430675;2016;14
430676;2016;578
430680;2016;264
430690;2016;296
430692;2016;25
430693;2016;100
430695;2016;30
430697;2016;41
430700;2016;1321
430705;2016;32
430710;2016;68
430720;2016;51
430730;2016;91
430740;2016;33
430745;2016;27
430750;2016;185
430755;2016;67
430760;2016;651
430770;2016;1086
430780;2016;413
430781;2016;33
430783;2016;20
430786;2016;23
430790;2016;811
430800;2016;63
430805;2016;15
430807;2016;61
430810;2016;151
430820;2016;350
430825;2016;17
430830;2016;97
430840;2016;73
430843;2016;22
430845;2016;49
430850;2016;397
430860;2016;417
430865;2016;18
430870;2016;52
430880;2016;82
430885;2016;34
430890;2016;210
430900;2016;200
430905;2016;94
430910;2016;553
430912;2016;34
430915;2016;37
430920;2016;3590
430925;2016;13
430930;2016;1364
430940;2016;312
430950;2016;89
430955;2016;63
430957;2016;39
430960;2016;217
430965;2016;85
430970;2016;41
430975;2016;57
430980;2016;32
430990;2016;70
430995;2016;33
431000;2016;226
431010;2016;487
431020;2016;1210
431030;2016;46
431033;2016;276
431036;2016;16
431040;2016;70
431041;2016;25
431043;2016;58
431046;2016;14
431050;2016;95
431053;2016;52
431055;2016;31
431057;2016;16
431060;2016;561
431065;2016;33
431070;2016;29
431075;2016;13
431080;2016;285
431085;2016;27
431087;2016;15
431090;2016;27
431100;2016;308
431110;2016;71
431112;2016;55
431113;2016;29
431115;2016;91
431120;2016;206
431123;2016;23
431125;2016;65
431127;2016;28
431130;2016;394
431140;2016;1161
431142;2016;30
431150;2016;67
431160;2016;61
431162;2016;81
431164;2016;11
431170;2016;60
431171;2016;61
431173;2016;34
431175;2016;52
431177;2016;55
431179;2016;23
431180;2016;486
431190;2016;40
431198;2016;39
431200;2016;11
431205;2016;37
431210;2016;37
431213;2016;36
431215;2016;34
431217;2016;22
431220;2016;31
431225;2016;102
431230;2016;67
431235;2016;11
431237;2016;45
431238;2016;10
431240;2016;928
431242;2016;22
431244;2016;30
431245;2016;58
431247;2016;58
431250;2016;137
431260;2016;49
431261;2016;39
431262;2016;34
431265;2016;239
431267;2016;15
431270;2016;181
431275;2016;34
431280;2016;72
431290;2016;84
431295;2016;18
431300;2016;15
431301;2016;30
431303;2016;61
431306;2016;267
431308;2016;13
431310;2016;64
431320;2016;250
431330;2016;348
431333;2016;20
431335;2016;24
431337;2016;401
431339;2016;32
431340;2016;3164
431342;2016;21
431344;2016;27
431346;2016;15
431349;2016;38
431350;2016;675
431360;2016;29
431365;2016;156
431370;2016;483
431380;2016;95
431390;2016;622
431395;2016;107
431400;2016;108
431402;2016;80
431403;2016;42
431405;2016;762
431406;2016;28
431407;2016;58
431410;2016;2876
431413;2016;18
431415;2016;71
431417;2016;28
431420;2016;95
431430;2016;29
431440;2016;4259
431442;2016;48
431445;2016;11
431446;2016;18
431447;2016;47
431449;2016;52
431450;2016;113
431455;2016;17
431460;2016;181
431470;2016;122
431475;2016;22
431477;2016;43
431478;2016;14
431480;2016;400
431490;2016;18635
431500;2016;29
431505;2016;21
431507;2016;12
431510;2016;115
431513;2016;15
431514;2016;36
431515;2016;48
431517;2016;18
431520;2016;32
431530;2016;268
431531;2016;10
431532;2016;14
431535;2016;46
431540;2016;156
431545;2016;9
431550;2016;199
431555;2016;33
431560;2016;2848
431570;2016;451
431575;2016;39
431580;2016;127
431590;2016;76
431595;2016;17
431600;2016;244
431610;2016;97
431620;2016;44
431630;2016;69
431640;2016;449
431642;2016;23
431643;2016;33
431645;2016;154
431647;2016;29
431650;2016;89
431660;2016;173
431670;2016;90
431673;2016;11
431675;2016;65
431680;2016;1641
431690;2016;3518
431695;2016;50
431697;2016;23
431700;2016;53
431710;2016;1189
431720;2016;998
431725;2016;12
431730;2016;402
431740;2016;627
431750;2016;1030
431755;2016;16
431760;2016;471
431770;2016;98
431775;2016;14
431780;2016;196
431790;2016;128
431795;2016;24
431800;2016;807
431805;2016;22
431810;2016;174
431820;2016;294
431830;2016;832
431840;2016;264
431842;2016;41
431843;2016;23
431844;2016;18
431845;2016;22
431846;2016;17
431848;2016;35
431849;2016;19
431850;2016;312
431860;2016;58
431861;2016;31
431862;2016;54
431870;2016;2869
431880;2016;449
431890;2016;483
431900;2016;227
431910;2016;67
431912;2016;36
431915;2016;72
431920;2016;57
431930;2016;49
431935;2016;42
431936;2016;28
431937;2016;20
431940;2016;162
431950;2016;341
431960;2016;218
431970;2016;40
431971;2016;18
431973;2016;36
431975;2016;20
431980;2016;99
431990;2016;1148
432000;2016;1910
432010;2016;272
432020;2016;150
432023;2016;27
432026;2016;84
432030;2016;57
432032;2016;27
432035;2016;51
432040;2016;213
432045;2016;19
432050;2016;54
432055;2016;51
432057;2016;18
432060;2016;38
432065;2016;27
432067;2016;88
432070;2016;171
432080;2016;391
432085;2016;56
432090;2016;321
432100;2016;139
432110;2016;182
432120;2016;686
432130;2016;322
432132;2016;34
432135;2016;37
432140;2016;192
432143;2016;114
432145;2016;370
432146;2016;39
432147;2016;48
432149;2016;18
432150;2016;590
432160;2016;813
432162;2016;19
432163;2016;14
432166;2016;127
432170;2016;313
432180;2016;296
432183;2016;31
432185;2016;52
432190;2016;305
432195;2016;93
432200;2016;350
432210;2016;43
432215;2016;40
432218;2016;9
432220;2016;266
432225;2016;65
432230;2016;84
432232;2016;36
432234;2016;14
432235;2016;10
432237;2016;21
432240;2016;1780
432250;2016;953
432252;2016;37
432253;2016;80
432254;2016;62
432255;2016;22
432260;2016;792
432270;2016;289
432280;2016;245
432285;2016;15
432290;2016;41
432300;2016;3363
432310;2016;66
432320;2016;20
432330;2016;36
432335;2016;18
432340;2016;34
432345;2016;20
432350;2016;23
432360;2016;10
432370;2016;19
432375;2016;23
432377;2016;43
432380;2016;238
500020;2016;256
500025;2016;44
500060;2016;664
500070;2016;371
500080;2016;80
500085;2016;189
500090;2016;160
500100;2016;303
500110;2016;721
500124;2016;173
500150;2016;71
500190;2016;400
500200;2016;155
500210;2016;418
500215;2016;106
500220;2016;347
500230;2016;171
500240;2016;542
500260;2016;203
500270;2016;13728
500280;2016;71
500290;2016;291
500295;2016;432
500310;2016;38
500315;2016;347
500320;2016;1855
500325;2016;442
500330;2016;494
500345;2016;146
500348;2016;151
500350;2016;76
500370;2016;3891
500375;2016;199
500380;2016;290
500390;2016;31
500400;2016;133
500410;2016;126
500430;2016;255
500440;2016;117
500450;2016;247
500460;2016;254
500470;2016;374
500480;2016;165
500490;2016;56
500500;2016;401
500510;2016;45
500515;2016;115
500520;2016;378
500525;2016;116
500540;2016;719
500560;2016;519
500568;2016;313
500570;2016;959
500580;2016;161
500600;2016;302
500620;2016;709
500625;2016;74
500630;2016;535
500635;2016;282
500640;2016;79
500660;2016;1565
500690;2016;218
500710;2016;320
500720;2016;643
500730;2016;55
500740;2016;295
500750;2016;45
500755;2016;19
500769;2016;491
500770;2016;120
500780;2016;50
500790;2016;658
500793;2016;215
500795;2016;180
500797;2016;49
500800;2016;198
500830;2016;1902
500840;2016;78
510010;2016;62
510020;2016;396
510025;2016;847
510030;2016;251
510035;2016;54
510040;2016;143
510050;2016;77
510060;2016;167
510080;2016;139
510100;2016;29
510120;2016;10
510125;2016;240
510130;2016;110
510140;2016;337
510160;2016;62
510170;2016;541
510180;2016;1041
510185;2016;97
510190;2016;265
510250;2016;1446
510260;2016;370
510263;2016;708
510267;2016;760
510268;2016;123
510269;2016;63
510270;2016;375
510279;2016;133
510285;2016;103
510300;2016;259
510305;2016;142
510310;2016;59
510320;2016;457
510325;2016;386
510330;2016;390
510335;2016;501
510336;2016;43
510337;2016;142
510340;2016;9878
510343;2016;63
510345;2016;102
510350;2016;356
510360;2016;82
510370;2016;179
510380;2016;41
510385;2016;156
510390;2016;123
510395;2016;35
510410;2016;518
510420;2016;106
510450;2016;30
510452;2016;96
510454;2016;86
510455;2016;88
510460;2016;168
510480;2016;432
510490;2016;102
510500;2016;130
510510;2016;486
510515;2016;633
510517;2016;146
510520;2016;138
510523;2016;76
510525;2016;1312
510530;2016;27
510550;2016;259
510558;2016;191
510560;2016;285
510562;2016;395
510590;2016;224
510600;2016;94
510610;2016;128
510615;2016;147
510617;2016;68
510618;2016;60
510619;2016;46
510620;2016;26
510621;2016;161
510622;2016;949
510623;2016;258
510624;2016;156
510625;2016;274
510626;2016;93
510627;2016;39
510628;2016;68
510629;2016;186
510630;2016;347
510631;2016;23
510637;2016;281
510642;2016;587
510645;2016;51
510650;2016;446
510665;2016;70
510670;2016;14
510675;2016;744
510677;2016;153
510680;2016;74
510682;2016;167
510685;2016;36
510700;2016;226
510704;2016;1267
510706;2016;364
510710;2016;210
510715;2016;17
510718;2016;154
510719;2016;28
510720;2016;55
510724;2016;59
510726;2016;27
510729;2016;28
510730;2016;273
510735;2016;108
510740;2016;59
510757;2016;49
510760;2016;3709
510770;2016;167
510774;2016;27
510775;2016;55
510776;2016;48
510777;2016;128
510779;2016;44
510780;2016;220
510785;2016;122
510787;2016;460
510788;2016;17
510790;2016;2668
510792;2016;1663
510794;2016;105
510795;2016;1453
510800;2016;227
510805;2016;143
510810;2016;13
510820;2016;48
510830;2016;58
510835;2016;36
510840;2016;4470
510850;2016;130
510860;2016;270
510880;2016;68
510885;2016;58
510890;2016;83
510895;2016;99
520005;2016;200
520010;2016;192
520013;2016;250
520015;2016;25
520017;2016;47
520020;2016;19
520025;2016;2614
520030;2016;406
520050;2016;23
520055;2016;96
520060;2016;132
520080;2016;127
520082;2016;25
520085;2016;48
520090;2016;35
520110;2016;6120
520120;2016;13
520130;2016;242
520140;2016;7822
520145;2016;36
520150;2016;64
520160;2016;33
520170;2016;253
520180;2016;132
520215;2016;88
520235;2016;35
520250;2016;101
520260;2016;25
520280;2016;22
520310;2016;25
520320;2016;147
520330;2016;382
520340;2016;80
520350;2016;343
520355;2016;122
520357;2016;37
520360;2016;50
520380;2016;85
520390;2016;121
520393;2016;31
520396;2016;31
520400;2016;104
520410;2016;135
520420;2016;17
520425;2016;105
520430;2016;175
520440;2016;186
520450;2016;1243
520455;2016;39
520460;2016;47
520465;2016;40
520470;2016;169
520480;2016;67
520485;2016;114
520490;2016;282
520495;2016;28
520500;2016;125
520505;2016;32
520510;2016;1464
520520;2016;57
520530;2016;140
520540;2016;287
520545;2016;121
520547;2016;187
520549;2016;1052
520551;2016;230
520552;2016;40
520570;2016;28
520580;2016;88
520590;2016;96
520620;2016;900
520630;2016;25
520640;2016;207
520650;2016;34
520660;2016;21
520670;2016;46
520680;2016;35
520690;2016;16
520710;2016;16
520725;2016;97
520735;2016;49
520740;2016;131
520750;2016;38
520753;2016;61
520760;2016;49
520780;2016;94
520790;2016;75
520800;2016;1784
520810;2016;52
520815;2016;34
520830;2016;82
520840;2016;198
520850;2016;55
520860;2016;989
520870;2016;21125
520880;2016;875
520890;2016;283
520910;2016;437
520915;2016;41
520920;2016;203
520929;2016;22
520940;2016;31
520945;2016;32
520960;2016;29
520970;2016;341
520980;2016;44
520990;2016;157
520993;2016;68
520995;2016;233
521000;2016;721
521010;2016;341
521015;2016;31
521020;2016;425
521030;2016;22
521040;2016;553
521056;2016;59
521060;2016;44
521080;2016;51
521090;2016;263
521100;2016;120
521120;2016;354
521130;2016;95
521140;2016;72
521150;2016;1384
521160;2016;27
521170;2016;73
521180;2016;571
521190;2016;1465
521200;2016;25
521205;2016;26
521210;2016;68
521220;2016;262
521225;2016;20
521230;2016;103
521250;2016;2906
521260;2016;22
521270;2016;113
521280;2016;112
521290;2016;34
521295;2016;43
521300;2016;153
521305;2016;22
521308;2016;434
521310;2016;1110
521340;2016;20
521350;2016;115
521370;2016;82
521375;2016;179
521377;2016;38
521380;2016;567
521385;2016;27
521390;2016;59
521400;2016;177
521405;2016;73
521410;2016;66
521440;2016;92
521450;2016;486
521460;2016;427
521470;2016;20
521480;2016;24
521483;2016;163
521486;2016;98
521487;2016;39
521490;2016;24
521500;2016;97
521520;2016;52
521523;2016;1498
521525;2016;32
521530;2016;189
521540;2016;37
521550;2016;73
521560;2016;450
521565;2016;39
521570;2016;391
521580;2016;20
521590;2016;43
521600;2016;29
521630;2016;110
521640;2016;147
521645;2016;37
521680;2016;81
521690;2016;36
521710;2016;213
521720;2016;134
521730;2016;279
521740;2016;347
521760;2016;1596
521770;2016;204
521800;2016;580
521805;2016;48
521810;2016;51
521830;2016;553
521839;2016;26
521850;2016;637
521860;2016;161
521870;2016;62
521878;2016;51
521880;2016;3386
521890;2016;260
521900;2016;84
521910;2016;104
521920;2016;26
521925;2016;66
521930;2016;542
521935;2016;41
521940;2016;95
521945;2016;22
521950;2016;37
521960;2016;28
521970;2016;154
521971;2016;48
521973;2016;75
521975;2016;1061
521980;2016;119
521990;2016;89
522000;2016;129
522005;2016;20
522010;2016;401
522015;2016;57
522020;2016;327
522026;2016;34
522028;2016;28
522040;2016;263
522045;2016;2223
522050;2016;83
522060;2016;275
522068;2016;65
522070;2016;17
522100;2016;45
522108;2016;48
522119;2016;111
522130;2016;22
522140;2016;1870
522145;2016;31
522150;2016;51
522155;2016;65
522157;2016;20
522160;2016;558
522170;2016;137
522180;2016;17
522185;2016;2413
522190;2016;38
522200;2016;166
522205;2016;106
522220;2016;59
522230;2016;48
530010;2016;43340
